time,voltage_v,current_ma,power_w,cpu,s_on,br,net_kbps,cam_on,flash_on,gps_on
0,4.014218,211.562,0.8492559885159999,0.0643,0,0,13.74,0,0,0
1,4.02625,48.75,0.1962796875,0.0901,0,0,14.05,0,0,0
2,4.026562,42.5,0.171128885,0.0784,0,0,14.54,0,0,0
3,4.026562,44.687,0.179934976094,0.0752,0,0,14.26,0,0,0
4,4.025937,101.875,0.410142331875,0.0813,0,0,13.84,0,0,0
5,4.024843,84.375,0.339596128125,0.0817,0,0,14.1,0,0,0
6,4.025156,74.375,0.2993709774999999,0.0879,0,0,14.16,0,0,0
7,4.027187,58.75,0.2365972362499999,0.076,0,0,13.89,0,0,0
8,4.027187,60.0,0.2416312199999999,0.0832,0,0,13.85,0,0,0
9,4.025468,61.875,0.2490758325,0.112,0,0,14.12,0,0,0
10,4.027187,56.875,0.229046260625,0.0942,0,0,14.24,0,0,0
11,4.021093,154.062,0.619497629766,0.094,0,0,14.25,0,0,0
12,4.022031,84.375,0.339358865625,0.0791,0,0,14.31,0,0,0
13,4.025937,52.812,0.2126177848439999,0.0806,0,0,14.33,0,0,0
14,4.025312,65.937,0.2654169973439999,0.0911,0,0,13.76,0,0,0
15,4.027812,47.5,0.19132107,0.0847,0,0,14.18,0,0,0
16,4.022343,81.25,0.32681536875,0.0916,0,0,14.24,0,0,0
17,4.023281,119.062,0.479019882422,0.0858,0,0,13.75,0,0,0
18,4.022656,128.437,0.516657868672,0.1265,0,0,14.3,0,0,0
19,4.022968,99.687,0.4010376110159999,0.093,0,0,13.84,0,0,0
20,4.020781,80.312,0.322916963672,0.0788,0,0,14.01,0,0,0
21,4.000468,411.25,1.6451924649999998,0.1412,0,0,13.71,0,0,0
22,4.021718,71.25,0.2865474074999999,0.1192,0,0,13.71,0,0,0
23,4.027343,39.375,0.158576630625,0.0756,0,0,14.09,0,0,0
24,4.028125,42.5,0.1711953125,0.084,0,0,14.14,0,0,0
25,4.022187,151.875,0.610869650625,0.1062,0,0,15.51,0,0,0
26,4.026093,110.937,0.446642679141,0.0799,0,0,14.24,0,0,0
27,4.021093,116.25,0.46745206125,0.1223,0,0,14.15,0,0,0
28,4.02,74.375,0.2989874999999999,0.088,0,0,13.64,0,0,0
29,4.018437,83.437,0.3352863279689999,0.0803,0,0,13.94,0,0,0
30,4.026406,64.062,0.257939621172,0.0805,0,0,14.14,0,0,0
31,4.023906,152.187,0.612386182422,0.0992,0,0,14.09,0,0,0
32,4.028593,40.312,0.162400641016,0.0897,0,0,13.6,0,0,0
33,4.027812,48.75,0.196355835,0.0915,0,0,14.01,0,0,0
34,4.024687,144.687,0.582319887969,0.0772,0,0,14.03,0,0,0
35,4.024687,98.75,0.39743784125,0.0845,0,0,14.33,0,0,0
36,4.021562,117.187,0.471274786094,0.1036,0,0,13.8,0,0,0
37,4.022187,82.5,0.3318304274999999,0.0834,0,0,14.14,0,0,0
38,4.024375,67.187,0.270385683125,0.0934,0,0,14.1,0,0,0
39,4.026875,48.75,0.19631015625,0.118,0,0,14.24,0,0,0
40,4.027343,50.625,0.203884239375,0.0767,0,0,13.66,0,0,0
41,4.028125,53.75,0.21651171875,0.0914,0,0,13.84,0,0,0
42,4.012031,314.375,1.261282245625,0.1058,0,0,14.03,0,0,0
43,4.022031,147.812,0.594504446172,0.084,0,0,14.0,0,0,0
44,4.013906,487.5,1.956779175,0.1293,0,0,14.0,0,0,0
45,4.024687,81.25,0.32700581875,0.0852,0,0,14.24,0,0,0
46,4.027187,58.75,0.2365972362499999,0.0809,0,0,14.35,0,0,0
47,4.026875,44.687,0.179948963125,0.0853,0,0,14.15,0,0,0
48,4.027968,51.562,0.207690086016,0.1084,0,0,14.14,0,0,0
49,4.027031,49.687,0.2000910892969999,0.0879,0,0,14.29,0,0,0
50,4.026093,65.0,0.261696045,0.0958,0,0,14.26,0,0,0
51,4.023906,110.937,0.446400059922,0.0968,0,0,13.84,0,0,0
52,4.01625,95.625,0.38405390625,0.1222,0,0,13.64,0,0,0
53,4.025,71.25,0.28678125,0.0834,0,0,14.24,0,0,0
54,4.023125,82.187,0.330648574375,0.0839,0,0,14.05,0,0,0
55,4.027968,70.312,0.283214486016,0.0852,0,0,13.92,0,0,0
56,4.025312,45.625,0.1836548599999999,0.0852,0,0,13.57,0,0,0
57,4.023125,94.687,0.380937636875,0.084,0,0,13.46,0,0,0
58,4.022812,90.625,0.3645673375,0.0819,0,0,14.35,0,0,0
59,4.025,82.5,0.3320625,0.0793,0,0,14.0,0,0,0
60,4.021093,131.25,0.52776845625,0.0921,0,0,13.92,0,0,0
61,3.994687,343.125,1.370676976875,0.1583,0,0,14.57,0,0,0
62,3.970937,698.75,2.77469222875,0.1525,0,0,13.6,0,0,0
63,4.026875,60.937,0.245385681875,0.0688,0,0,13.99,0,0,0
64,4.022812,105.937,0.426164634844,0.0789,0,0,13.9,0,0,0
65,4.023125,113.125,0.455116015625,0.081,0,0,13.94,0,0,0
66,4.020937,74.375,0.299057189375,0.0842,0,0,14.26,0,0,0
67,4.025156,76.25,0.306918145,0.0843,0,0,14.12,0,0,0
68,4.023593,62.812,0.252729923516,0.0885,0,0,14.12,0,0,0
69,4.026562,54.687,0.220200596094,0.0858,0,0,14.19,0,0,0
70,4.028281,44.687,0.180011793047,0.0924,0,0,14.35,0,0,0
71,4.027812,34.375,0.1384560375,0.08,0,0,13.85,0,0,0
72,4.024843,80.312,0.3232431910159999,0.1048,0,0,13.81,0,0,0
73,4.022343,106.875,0.429887908125,0.0795,0,0,14.07,0,0,0
74,4.025,62.812,0.2528183,0.1461,0,0,13.54,0,0,0
75,4.027031,42.5,0.1711488175,0.0972,0,0,14.33,0,0,0
76,4.027812,42.5,0.17118201,0.0852,0,0,14.2,0,0,0
77,4.025937,51.562,0.2075853635939999,0.0812,0,0,13.84,0,0,0
78,4.010468,77.187,0.309555993516,0.122,0,0,14.02,0,0,0
79,4.027343,49.687,0.2001065916409999,0.0785,0,0,13.53,0,0,0
80,4.023281,118.125,0.475250068125,0.1123,0,0,13.89,0,0,0
81,4.023593,110.937,0.446365336641,0.0831,0,0,14.09,0,0,0
82,4.023281,70.937,0.285399484297,0.1297,0,0,14.56,0,0,0
83,4.024843,76.25,0.3068942787499999,0.0991,0,0,14.24,0,0,0
84,3.999062,280.0,1.11973736,0.1212,0,0,14.14,0,0,0
85,4.025,75.312,0.3031308,0.0735,0,0,13.91,0,0,0
86,4.025468,51.562,0.207561181016,0.0936,0,0,13.82,0,0,0
87,4.0275,49.687,0.2001143924999999,0.0907,0,0,14.52,0,0,0
88,4.025468,66.25,0.266687255,0.0834,0,0,14.19,0,0,0
89,4.022656,170.0,0.6838515199999999,0.0816,0,0,13.91,0,0,0
90,4.023125,68.125,0.274075390625,0.0931,0,0,14.14,0,0,0
91,4.025937,55.625,0.223942745625,0.0831,0,0,14.14,0,0,0
92,4.022812,124.375,0.5003372425,0.0901,0,0,13.9,0,0,0
93,4.026093,69.062,0.278050034766,0.0808,0,0,14.05,0,0,0
94,4.026093,54.687,0.220174947891,0.0883,0,0,14.48,0,0,0
95,4.028281,60.0,0.2416968599999999,0.078,0,0,14.14,0,0,0
96,4.026406,44.687,0.1799280049219999,0.1179,0,0,14.32,0,0,0
97,4.019843,85.312,0.342940846016,0.093,0,0,14.32,0,0,0
98,4.023593,74.375,0.299254729375,0.1181,0,0,13.94,0,0,0
99,4.026093,67.187,0.270501110391,0.0828,0,0,15.26,0,0,0
100,4.024062,52.812,0.2125187623439999,0.093,0,0,14.04,0,0,0
101,4.017968,161.25,0.64789734,0.1564,0,0,14.21,0,0,0
102,4.025937,53.75,0.2163941137499999,0.0984,0,0,13.85,0,0,0
103,4.016875,43.437,0.1744809993749999,0.1285,0,0,13.98,0,0,0
104,4.020937,65.0,0.261360905,0.0944,0,0,15.72,0,0,0
105,4.01875,70.0,0.2813125,0.0767,0,0,14.59,0,0,0
106,4.025156,65.0,0.26163514,0.0863,0,0,14.09,0,0,0
107,4.024375,74.062,0.29805326125,0.11,0,0,14.44,0,0,0
108,4.025937,56.875,0.228975166875,0.0723,0,0,13.9,0,0,0
109,4.02625,53.75,0.2164109375,0.0965,0,0,14.17,0,0,0
110,4.026093,60.937,0.245338029141,0.0835,0,0,13.72,0,0,0
111,4.021875,96.562,0.3883602937499999,0.1204,0,0,13.94,0,0,0
112,4.023125,118.125,0.475231640625,0.0897,0,0,13.83,0,0,0
113,4.021875,73.125,0.2940996093749999,0.0793,0,0,13.95,0,0,0
114,4.022812,105.937,0.426164634844,0.0794,0,0,14.24,0,0,0
115,4.024218,98.75,0.3973915275,0.08,0,0,14.07,0,0,0
116,4.027031,42.5,0.1711488175,0.0819,0,0,14.0,0,0,0
117,4.025156,81.25,0.327043925,0.0847,0,0,14.29,0,0,0
118,4.025312,46.562,0.1874265773439999,0.0803,0,0,13.84,0,0,0
119,4.02375,98.75,0.3973453125,0.0933,0,0,13.92,0,0,0
120,4.023125,113.125,0.455116015625,0.0989,0,0,14.18,0,0,0
121,4.02,73.125,0.2939624999999999,0.1112,0,0,14.24,0,0,0
122,4.020468,84.375,0.3392269875,0.0789,0,0,13.84,0,0,0
123,4.025312,77.187,0.3107017573439999,0.0784,0,0,13.64,0,0,0
124,4.025312,75.0,0.3018983999999999,0.0834,0,0,13.64,0,0,0
125,3.951562,860.625,3.40081304625,0.5826,1,21,13.49,0,0,0
126,3.800937,2755.0,10.471581435,0.749,1,21,66.45,0,0,0
127,3.794062,2238.75,8.493956302499999,0.9077,1,21,45.01,0,0,0
128,3.908437,971.25,3.79606943625,0.7094,1,1,51.12,0,0,0
129,3.874687,1400.937,5.428192381719,0.6924,1,1,53.76,0,0,0
130,3.938593,890.0,3.50534777,0.6677,1,1,27.1,0,0,0
131,3.972656,465.0,1.8472850400000005,0.5779,1,1,22.3,0,0,0
132,3.9625,556.875,2.2066171875,0.5703,1,1,55.61,0,0,0
133,3.971406,442.5,1.757347155,0.5466,1,1,40.42,0,0,0
134,3.944062,793.437,3.1293647210940003,0.594,1,1,19.48,0,0,0
135,3.958906,528.75,2.0932715475,0.61,1,1,29.12,0,0,0
136,3.944062,885.312,3.491725417344,0.616,1,1,31.26,0,0,0
137,3.9475,623.75,2.462253125,0.5716,1,1,41.62,0,0,0
138,3.964687,583.125,2.3119081068750003,0.382,1,1,13.87,0,0,0
139,3.978281,344.687,1.371261743047,0.3587,1,1,14.02,0,0,0
140,3.974843,356.562,1.4172779697659998,0.3838,1,1,21.77,0,0,0
141,3.99375,291.875,1.16567578125,0.2275,1,1,14.88,0,0,0
142,3.979062,471.875,1.87761988125,0.2661,1,1,22.21,0,0,0
143,3.984843,378.125,1.506768759375,0.3546,1,1,31.84,0,0,0
144,3.982968,441.562,1.758727316016,0.3387,1,1,17.52,0,0,0
145,3.980625,362.187,1.441730626875,0.3485,1,1,13.84,0,0,0
146,3.982656,258.437,1.029265668672,0.3352,1,1,13.48,0,0,0
147,3.980468,290.625,1.1568235125000002,0.3247,1,1,13.9,0,0,0
148,3.986093,434.062,1.730211499766,0.3532,1,1,14.09,0,0,0
149,3.985937,375.0,1.494726375,0.3346,1,1,14.07,0,0,0
150,4.005781,162.187,0.6496856030470001,0.1393,1,1,14.21,0,0,0
151,3.992656,250.312,0.9994097086720002,0.3132,1,1,14.35,0,0,0
152,3.979687,289.687,1.152863587969,0.3787,1,1,15.38,0,0,0
153,3.983906,260.937,1.039548479922,0.3459,1,1,14.29,0,0,0
154,3.986093,353.125,1.407589090625,0.3285,1,1,14.28,0,0,0
155,3.988281,271.562,1.0830655649220002,0.3349,1,1,13.75,0,0,0
156,3.99,316.25,1.2618375,0.3375,1,1,14.05,0,0,0
157,3.98375,399.375,1.59101015625,0.3443,1,1,13.69,0,0,0
158,4.005156,127.5,0.5106573900000001,0.2254,1,1,14.1,0,0,0
159,3.993906,348.437,1.391624624922,0.2098,1,1,13.9,0,0,0
160,3.985937,311.25,1.24062289125,0.3741,1,1,13.94,0,0,0
161,4.001875,175.312,0.7015767100000001,0.1878,1,1,13.87,0,0,0
162,4.003125,155.0,0.620484375,0.1769,1,1,13.66,0,0,0
163,3.965,726.875,2.8820593750000003,0.2564,1,1,13.94,0,0,0
164,4.006875,145.625,0.5835011718750001,0.1125,1,1,13.78,0,0,0
165,4.005312,148.75,0.59579016,0.125,1,1,14.24,0,0,0
166,4.004062,205.0,0.82083271,0.1308,1,1,14.71,0,0,0
167,4.008437,131.25,0.52610735625,0.1247,1,1,14.14,0,0,0
168,3.999687,467.812,1.871101574844,0.1562,1,1,13.64,0,0,0
169,4.000625,233.75,0.93514609375,0.1371,1,1,14.24,0,0,0
170,4.000156,283.437,1.1337922161719998,0.1406,1,1,14.43,0,0,0
171,4.005781,134.375,0.5382768218749999,0.1348,1,1,13.94,0,0,0
172,4.007187,133.437,0.534707011719,0.1205,1,1,14.23,0,0,0
173,4.0075,140.625,0.5635546875,0.1211,1,1,13.65,0,0,0
174,4.002031,182.5,0.7303706575,0.1328,1,1,17.66,0,0,0
175,4.00625,150.937,0.60469135625,0.1185,1,1,14.21,0,0,0
176,4.004062,157.187,0.6293864935940001,0.1129,1,1,14.38,0,0,0
177,3.967343,716.25,2.8416094237500005,0.1731,1,1,14.39,0,0,0
178,4.006406,153.75,0.6159849225,0.1202,1,1,14.18,0,0,0
179,4.008906,150.937,0.605092244922,0.1127,1,1,13.59,0,0,0
180,4.009062,124.062,0.4973722498439999,0.1185,1,1,14.03,0,0,0
181,4.007343,192.812,0.772663818516,0.1291,1,1,13.98,0,0,0
182,4.003281,211.25,0.84569311125,0.1204,1,1,14.28,0,0,0
183,4.00625,188.75,0.7561796875,0.1165,1,1,14.51,0,0,0
184,4.007968,155.937,0.624990506016,0.1489,1,1,15.01,0,0,0
185,4.004218,121.25,0.4855114324999999,0.1015,1,1,14.31,0,0,0
186,4.005312,165.0,0.66087648,0.1939,1,1,13.72,0,0,0
187,4.006406,214.375,0.85887328625,0.1436,1,1,13.75,0,0,0
188,4.003593,122.187,0.489187017891,0.1423,1,1,13.68,0,0,0
189,4.009687,162.187,0.6503191054690001,0.1059,1,1,14.25,0,0,0
190,4.006875,182.5,0.7312546875,0.1268,1,1,13.97,0,0,0
191,4.005156,195.937,0.784758251172,0.123,1,1,14.13,0,0,0
192,4.006093,152.812,0.612179083516,0.1178,1,1,14.44,0,0,0
193,4.004062,162.187,0.6494068035940002,0.1363,1,1,13.54,0,0,0
194,4.009375,148.75,0.59639453125,0.1352,1,1,13.94,0,0,0
195,3.958593,854.375,3.382122894375,0.1526,1,1,14.2,0,0,0
196,4.009531,131.562,0.527501917422,0.1236,1,1,14.14,0,0,0
197,4.01,148.75,0.5964875,0.1071,1,1,13.82,0,0,0
198,4.010312,121.25,0.4862503299999999,0.1201,1,1,14.17,0,0,0
199,4.0,320.625,1.2825,0.2221,1,1,13.06,0,0,0
200,3.963593,702.187,2.783183477891,0.4037,1,1,12.43,0,0,0
201,3.955937,751.25,2.97189767125,0.4948,1,7,12.61,0,0,0
202,3.969531,608.75,2.41645199625,0.393,1,7,14.33,0,0,0
203,3.938593,815.625,3.212414915625,0.4009,1,7,13.7,0,0,0
204,3.983125,573.437,2.284071250625,0.3482,1,7,15.94,0,0,0
205,3.981093,337.812,1.344860988516,0.3637,1,7,13.5,0,0,0
206,3.976406,542.812,2.158440893672,0.3392,1,7,13.9,0,0,0
207,3.983281,382.187,1.522358215547,0.2978,1,7,14.2,0,0,0
208,3.998437,243.125,0.972119995625,0.1628,1,7,13.63,0,0,0
209,3.979687,291.562,1.160325501094,0.3318,1,7,13.94,0,0,0
210,3.9825,287.812,1.14621129,0.3443,1,7,15.41,0,0,0
211,3.990156,274.687,1.096043981172,0.3454,1,7,14.26,0,0,0
212,3.986718,285.937,1.139950184766,0.3239,1,7,13.84,0,0,0
213,3.987343,344.375,1.373141245625,0.3616,1,7,14.13,0,0,0
214,3.979531,369.687,1.471180876797,0.3492,1,7,14.09,0,0,0
215,3.985468,257.187,1.025010558516,0.3487,1,7,14.35,0,0,0
216,4.003281,159.062,0.636769882422,0.1852,1,7,14.24,0,0,0
217,3.996562,295.0,1.17898579,0.2511,1,7,13.64,0,0,0
218,3.986406,356.875,1.42264864125,0.3361,1,7,14.1,0,0,0
219,3.988281,280.312,1.1179630236720002,0.3236,1,7,13.98,0,0,0
220,3.97875,411.562,1.6375023075,0.3482,1,7,13.77,0,0,0
221,3.963906,563.125,2.23217456625,0.3802,1,7,13.79,0,0,0
222,3.974843,430.937,1.712906917891,0.3456,1,7,14.05,0,0,0
223,3.965937,677.812,2.688159689844,0.3936,1,7,13.81,0,0,0
224,3.972812,374.062,1.486078002344,0.3211,1,7,14.15,0,0,0
225,4.003281,147.812,0.5917329711720001,0.1199,1,7,13.69,0,0,0
226,3.983281,305.937,1.218633039297,0.3342,1,7,13.65,0,0,0
227,3.978437,371.875,1.479481259375,0.333,1,7,13.83,0,0,0
228,3.986718,403.125,1.6071456937500002,0.4391,1,7,13.93,0,0,0
229,3.970937,494.375,1.963131979375,0.4814,1,20,12.88,0,0,0
230,3.970468,418.125,1.6601519325,0.3631,1,20,13.89,0,0,0
231,3.965937,358.437,1.421538560469,0.349,1,20,13.38,0,0,0
232,3.98,314.687,1.25245426,0.3506,1,20,13.84,0,0,0
233,3.989218,246.875,0.98483819375,0.2977,1,20,21.03,0,0,0
234,4.001562,150.937,0.6039837635940001,0.2141,1,20,13.86,0,0,0
235,3.985468,387.812,1.545612316016,0.3411,1,20,14.14,0,0,0
236,3.984375,307.187,1.223948203125,0.341,1,20,14.14,0,0,0
237,3.980468,285.937,1.138163078516,0.3421,1,20,14.08,0,0,0
238,3.978437,391.875,1.559049999375,0.3399,1,20,13.73,0,0,0
239,3.980468,396.562,1.578502351016,0.3583,1,20,13.48,0,0,0
240,3.98,300.0,1.194,0.343,1,20,14.21,0,0,0
241,3.9825,294.062,1.171101915,0.3345,1,20,14.13,0,0,0
242,3.995625,197.812,0.7903825725000001,0.1322,1,20,14.3,0,0,0
243,3.984062,326.875,1.3022902662500002,0.3176,1,20,14.33,0,0,0
244,3.984062,291.875,1.16284809625,0.3397,1,20,14.26,0,0,0
245,3.978906,384.062,1.528146596172,0.3372,1,20,13.53,0,0,0
246,3.976718,363.437,1.445286459766,0.3393,1,20,13.96,0,0,0
247,3.975937,334.062,1.328209466094,0.3437,1,20,13.45,0,0,0
248,3.976406,284.062,1.129545841172,0.3493,1,20,13.75,0,0,0
249,3.978437,360.312,1.433478592344,0.3308,1,20,14.12,0,0,0
250,3.947343,945.312,3.731470706016,0.3823,1,20,27.31,0,0,0
251,3.994375,215.312,0.86003687,0.2381,1,20,13.67,0,0,0
252,3.975937,352.5,1.4015177925,0.3401,1,20,14.0,0,0,0
253,3.978437,345.312,1.373802037344,0.33,1,20,12.72,0,0,0
254,3.975156,393.75,1.565217675,0.3833,1,20,14.21,0,0,0
255,3.979062,335.937,1.336714151094,0.3385,1,20,13.62,0,0,0
256,3.977343,432.812,1.721441778516,0.3352,1,20,13.81,0,0,0
257,3.979843,325.625,1.295936376875,0.3407,1,20,13.95,0,0,0
258,3.981093,404.687,1.611096582891,0.3692,1,20,14.0,0,0,0
259,3.999531,162.187,0.6486719342970001,0.1646,1,20,13.39,0,0,0
260,3.974375,557.812,2.2169540675,0.3469,1,20,13.49,0,0,0
261,3.960625,470.0,1.86149375,0.424,1,52,13.92,0,0,0
262,3.965,660.0,2.6169,0.3345,1,52,13.56,0,0,0
263,3.962968,648.437,2.569735081016,0.3386,1,52,16.58,0,0,0
264,3.974375,402.812,1.6009259425000002,0.3301,1,52,13.92,0,0,0
265,3.974843,424.687,1.688064149141,0.3375,1,52,13.69,0,0,0
266,3.9775,360.625,1.4343859375,0.3434,1,52,13.99,0,0,0
267,3.977656,341.25,1.35737511,0.2944,1,52,13.6,0,0,0
268,3.994218,215.312,0.8600030660160001,0.1388,1,52,14.02,0,0,0
269,3.977812,364.375,1.4494152475000002,0.3445,1,52,14.13,0,0,0
270,3.97125,464.062,1.8429062175,0.3398,1,52,13.95,0,0,0
271,3.974062,342.5,1.361116235,0.3452,1,52,13.8,0,0,0
272,3.97375,395.0,1.56963125,0.3387,1,52,14.05,0,0,0
273,3.975625,326.25,1.29704765625,0.3301,1,52,13.93,0,0,0
274,3.973437,518.75,2.0612204437500004,0.3337,1,52,13.97,0,0,0
275,3.975937,366.875,1.4586718868750002,0.3352,1,52,14.15,0,0,0
276,3.991406,234.687,0.936731099922,0.1753,1,52,14.1,0,0,0
277,3.977343,384.062,1.527546307266,0.2492,1,52,14.2,0,0,0
278,3.975937,436.25,1.73450251625,0.3518,1,52,14.05,0,0,0
279,3.967031,399.062,1.583091324922,0.362,1,52,13.84,0,0,0
280,3.974843,355.0,1.411069265,0.3421,1,52,14.21,0,0,0
281,3.974062,308.437,1.225747761094,0.3479,1,52,14.48,0,0,0
282,3.974062,415.625,1.65171951875,0.3473,1,52,13.96,0,0,0
283,3.978593,398.75,1.58646395875,0.3489,1,52,14.12,0,0,0
284,3.940156,790.312,3.113952568672,0.3542,1,52,14.13,0,0,0
285,3.990625,231.875,0.925326171875,0.1462,1,52,13.72,0,0,0
286,3.966875,395.937,1.5706325868750002,0.3407,1,52,13.75,0,0,0
287,3.974531,356.25,1.41592666875,0.3259,1,52,13.5,0,0,0
288,3.971093,425.0,1.687714525,0.3535,1,52,13.58,0,0,0
289,3.975781,334.062,1.328157352422,0.3409,1,52,14.01,0,0,0
290,3.975937,515.937,2.051333007969,0.3536,1,52,14.13,0,0,0
291,3.977343,363.125,1.4442726768749998,0.3574,1,52,13.87,0,0,0
292,3.943906,685.937,2.705271049922,0.5718,1,52,13.68,0,0,0
293,3.948125,812.187,3.206615799375,0.3543,1,181,18.68,0,0,0
294,3.959375,487.187,1.928956028125,0.2074,1,181,14.87,0,0,0
295,3.927031,744.375,2.923183700625,0.3589,1,181,13.74,0,0,0
296,3.905937,1062.5,4.1500580625,0.3502,1,181,13.54,0,0,0
297,3.945156,697.812,2.752977198672,0.341,1,181,13.93,0,0,0
298,3.939843,649.375,2.5584355481250003,0.3714,1,181,15.64,0,0,0
299,3.945781,590.937,2.3317079867970003,0.3394,1,181,13.64,0,0,0
300,3.944218,663.437,2.6167401572660003,0.3431,1,181,13.74,0,0,0
301,3.937968,675.625,2.66058963,0.3506,1,181,14.21,0,0,0
302,3.955312,484.375,1.91585425,0.1225,1,181,13.59,0,0,0
303,3.944843,596.562,2.3533434297660003,0.3182,1,181,13.96,0,0,0
304,3.944843,591.25,2.3323884237500003,0.3537,1,181,14.31,0,0,0
305,3.942968,644.062,2.539515856016,0.349,1,181,13.84,0,0,0
306,3.945,666.875,2.630821875,0.3462,1,181,13.35,0,0,0
307,3.942187,719.375,2.835910773125,0.3522,1,181,13.57,0,0,0
308,3.945781,743.437,2.933439589297,0.3348,1,181,13.69,0,0,0
309,3.941718,750.937,2.9599818897659995,0.3477,1,181,14.17,0,0,0
310,3.954687,500.0,1.9773435,0.255,1,181,13.77,0,0,0
311,3.959843,458.75,1.81657797625,0.1654,1,181,13.88,0,0,0
312,3.925312,900.625,3.53523412,0.3712,1,181,13.63,0,0,0
313,3.936718,610.312,2.402626236016,0.3524,1,181,14.13,0,0,0
314,3.9425,598.437,2.3593378725,0.3568,1,181,14.07,0,0,0
315,3.934687,675.937,2.659600526719,0.3498,1,181,14.15,0,0,0
316,3.943281,666.562,2.628441269922,0.3528,1,181,15.33,0,0,0
317,3.939531,608.75,2.39818949625,0.3542,1,181,13.8,0,0,0
318,3.942031,656.25,2.58695784375,0.343,1,181,14.17,0,0,0
319,3.955156,522.812,2.0678030186720004,0.1752,1,181,14.05,0,0,0
320,3.944687,632.187,2.493779840469,0.2587,1,181,13.71,0,0,0
321,3.940156,616.562,2.429350463672,0.3372,1,181,13.73,0,0,0
322,3.935312,619.375,2.43743387,0.3422,1,181,17.7,0,0,0
323,3.928906,649.687,2.552559152422,0.3501,1,181,13.61,0,0,0
324,3.934531,985.312,3.876740608672,0.511,1,181,13.3,0,0,0
325,3.932187,848.75,3.33744371625,0.4435,1,14,15.4,0,0,0
326,3.937968,776.562,3.058076306016,0.3708,1,14,13.6,0,0,0
327,3.946875,520.937,2.056073221875,0.2569,1,14,13.79,0,0,0
328,3.989218,150.937,0.6021205972660001,0.1247,1,14,13.43,0,0,0
329,3.972812,296.25,1.176945555,0.309,1,14,13.86,0,0,0
330,3.86,2013.125,7.7706625,0.4469,1,14,13.15,0,0,0
331,3.967343,330.625,1.311702779375,0.3138,1,14,15.39,0,0,0
332,3.979531,200.937,0.7996350205470001,0.1623,1,14,63.5,0,0,0
333,3.975937,196.875,0.7827625968749999,0.1922,1,14,52.35,0,0,0
334,3.978281,289.687,1.1524562880470002,0.1716,1,14,111.2,0,0,0
335,3.960937,457.812,1.813364489844,0.4588,1,14,397.83,0,0,0
336,3.946406,577.5,2.279049465,0.333,1,14,33.11,0,0,0
337,3.939062,766.875,3.02076817125,0.2938,1,14,318.81,0,0,0
338,3.943281,817.5,3.2236322175,0.3395,1,14,289.6,0,0,0
339,3.934218,512.5,2.016286725,0.3808,1,14,36.61,0,0,0
340,3.914218,728.75,2.8524863675,0.4679,1,14,901.3,0,0,0
341,3.878906,1116.562,4.331039041172,0.503,1,14,154.99,0,0,0
342,3.953437,450.312,1.780280122344,0.3228,1,14,14.29,0,0,0
343,3.953281,490.312,1.938341113672,0.2697,1,14,63.68,0,0,0
344,3.941093,708.437,2.792016101641,0.2249,1,14,14.66,0,0,0
345,3.955468,570.312,2.2558508660160004,0.2609,1,14,20.35,0,0,0
346,3.894687,1095.625,4.2671164443750005,0.4165,1,14,225.81,0,0,0
347,3.959843,377.812,1.496076203516,0.2816,1,14,154.6,0,0,0
348,3.939531,562.187,2.214753114297,0.3964,1,14,2719.54,0,0,0
349,3.946093,512.812,2.023603843516,0.3732,1,14,1963.14,0,0,0
350,3.926875,818.75,3.21512890625,0.5024,1,14,1131.66,0,0,0
351,3.955781,523.125,2.069367935625,0.1981,1,14,50.34,0,0,0
352,3.951406,495.312,1.957178808672,0.3587,1,14,768.14,0,0,0
353,3.901875,1286.875,5.021225390625,0.5264,1,14,2094.88,0,0,0
354,3.940781,470.0,1.85216707,0.4405,1,14,2390.9,0,0,0
355,3.954375,528.125,2.088404296875,0.2831,1,14,144.66,0,0,0
356,3.936406,584.375,2.30033725625,0.363,1,14,24.3,0,0,0
357,3.944375,518.125,2.043679296875,0.2989,1,14,16.1,0,0,0
358,3.955156,533.125,2.1085925425,0.2946,1,14,14.5,0,0,0
359,3.893437,1350.937,5.259788100469,0.4654,1,14,59.69,0,0,0
360,3.935781,605.625,2.383607368125,0.4231,1,14,1477.0,0,0,0
361,3.951718,486.25,1.9215228775,0.419,1,14,160.57,0,0,0
362,3.945156,495.937,1.956548831172,0.3879,1,14,24.11,0,0,0
363,3.932343,585.0,2.300420655,0.4242,1,14,29.49,0,0,0
364,3.932656,855.937,3.3661057786720003,0.3889,1,14,15.01,0,0,0
365,3.939062,404.687,1.594087183594,0.3595,1,14,13.45,0,0,0
366,3.955312,345.625,1.36705471,0.4002,1,14,13.4,0,0,0
367,3.962812,453.437,1.7968855848440002,0.362,1,14,14.54,0,0,0
368,3.97375,230.937,0.91768590375,0.3462,1,14,15.09,0,0,0
369,3.952656,560.0,2.21348736,0.3452,1,14,17.64,0,0,0
370,3.962656,326.562,1.294052868672,0.3697,1,14,13.91,0,0,0
371,3.974062,303.75,1.2071213325,0.3401,1,14,18.22,0,0,0
372,3.960468,325.0,1.2871521,0.399,1,14,1848.11,0,0,0
373,3.966093,329.062,1.305090494766,0.3238,1,14,14.22,0,0,0
374,3.974843,272.812,1.084384868516,0.3255,1,14,13.95,0,0,0
375,3.967812,317.812,1.261018267344,0.3202,1,14,14.26,0,0,0
376,3.961093,453.437,1.796106126641,0.5327,1,14,13.87,0,0,0
377,3.954687,409.687,1.620183852969,0.4642,1,14,14.37,0,0,0
378,3.95375,443.437,1.75323903875,0.4268,1,14,41.17,0,0,0
379,3.950156,265.312,1.048023788672,0.3469,1,14,17.97,0,0,0
380,3.955156,465.625,1.8416195125,0.41,1,14,367.28,0,0,0
381,3.968437,322.5,1.2798209325,0.3438,1,14,1788.46,0,0,0
382,3.925312,1256.562,4.932397897344,0.3917,1,14,116.19,0,0,0
383,3.955468,549.375,2.1730352325,0.4618,1,14,3601.08,0,0,0
384,3.862812,1447.5,5.59142037,0.6426,1,14,3557.31,0,0,0
385,3.93625,675.937,2.66065701625,0.4816,1,14,3816.02,0,0,0
386,3.96375,392.187,1.55453122125,0.416,1,14,24.34,0,0,0
387,3.962031,391.25,1.55014462875,0.3631,1,14,14.08,0,0,0
388,3.974375,270.937,1.0768052393750005,0.3001,1,14,13.75,0,0,0
389,3.970312,291.875,1.158834815,0.3094,1,14,13.97,0,0,0
390,3.949843,588.437,2.324233765391,0.4257,1,14,1126.74,0,0,0
391,3.961718,402.5,1.594591495,0.4215,1,14,4157.72,0,0,0
392,3.965937,375.0,1.487226375,0.3753,1,14,3508.41,0,0,0
393,3.956718,490.625,1.94126476875,0.4556,1,14,4840.48,0,0,0
394,3.951562,567.187,2.241274596094,0.4317,1,14,4350.02,0,0,0
395,3.951562,647.5,2.558636395,0.4187,1,14,2836.37,0,0,0
396,3.95125,455.312,1.79905154,0.4509,1,14,5105.07,0,0,0
397,3.902968,990.312,3.865156046016,0.4029,1,14,5246.44,0,0,0
398,3.954843,609.062,2.408744587266,0.3944,1,14,2338.56,0,0,0
399,3.951406,459.375,1.81517713125,0.4291,1,14,1985.64,0,0,0
400,3.948125,608.75,2.40342109375,0.4203,1,14,1377.48,0,0,0
401,3.954218,425.937,1.684247752266,0.3947,1,14,3105.66,0,0,0
402,3.954062,614.687,2.430510508594,0.3878,1,14,2108.87,0,0,0
403,3.952031,540.937,2.137799793047,0.4013,1,14,2920.12,0,0,0
404,3.9525,448.75,1.773684375,0.4421,1,14,3904.17,0,0,0
405,3.944687,566.562,2.234909756094,0.4191,1,14,3471.86,0,0,0
406,3.949531,533.437,2.106825968047,0.467,1,14,2217.88,0,0,0
407,3.934218,616.875,2.42692072875,0.6144,1,14,3012.98,0,0,0
408,3.92625,771.25,3.0281203125,0.6387,1,14,3717.81,0,0,0
409,3.926718,771.875,3.03093545625,0.6287,1,14,3274.71,0,0,0
410,3.921093,770.937,3.022915674141,0.6764,1,14,3852.05,0,0,0
411,3.929062,838.437,3.294270956094,0.679,1,14,1844.86,0,0,0
412,3.879062,1360.625,5.27794873375,0.6325,1,14,2267.67,0,0,0
413,3.926093,893.437,3.507716751641,0.5666,1,14,2106.97,0,0,0
414,3.895625,852.187,3.319800981875,0.711,1,14,2197.62,0,0,0
415,3.932343,965.312,3.795937886016,0.6434,1,14,2121.66,0,0,0
416,3.88625,1246.875,4.84566796875,0.6953,1,14,2117.49,0,0,0
417,3.914843,834.375,3.266447128125,0.6493,1,14,2208.5,0,0,0
418,3.895312,970.625,3.78088721,0.6818,1,14,2716.19,0,0,0
419,3.887812,1203.125,4.6775238125,0.5337,1,14,2208.99,0,0,0
420,3.916875,767.5,3.0062015625,0.6259,1,14,3385.61,0,0,0
421,3.921562,729.687,2.861512811094,0.5505,1,14,3638.53,0,0,0
422,3.920781,804.062,3.152551012422,0.5047,1,14,3916.62,0,0,0
423,3.927031,742.5,2.9158205175000003,0.4731,1,14,4311.11,0,0,0
424,3.944218,393.125,1.5505707012499998,0.3939,1,14,2041.49,0,0,0
425,3.954843,452.812,1.790800368516,0.3115,1,14,14.13,0,0,0
426,3.939375,608.125,2.3956324218750003,0.3673,1,14,14.35,0,0,0
427,3.957656,364.375,1.442070905,0.3742,1,14,13.3,0,0,0
428,3.956562,455.312,1.801470157344,0.3291,1,14,13.77,0,0,0
429,3.939687,504.687,1.988308812969,0.3998,1,14,19.2,0,0,0
430,3.951562,538.75,2.1289040275,0.3976,1,14,17.29,0,0,0
431,3.936718,804.375,3.16659754125,0.4184,1,14,3197.05,0,0,0
432,3.908125,890.0,3.4782312500000003,0.4097,1,14,4187.89,0,0,0
433,3.898281,985.0,3.839806785,0.4597,1,14,4932.58,0,0,0
434,3.940156,594.062,2.340696953672,0.4027,1,14,3864.4,0,0,0
435,3.94,679.687,2.67796678,0.4163,1,14,3564.46,0,0,0
436,3.936562,642.187,2.5280089410940003,0.415,1,14,3872.36,0,0,0
437,3.954218,637.5,2.520813975,0.3521,1,14,4539.91,0,0,0
438,3.958281,359.687,1.423742218047,0.4694,1,14,3969.39,0,0,0
439,3.933437,728.75,2.86649221375,0.4309,1,14,4172.67,0,0,0
440,3.934687,887.187,3.490803155469,0.4067,1,14,3899.4,0,0,0
441,3.929843,754.062,2.963345272266,0.412,1,14,5011.8,0,0,0
442,3.93,772.5,3.035925,0.4469,1,14,2840.06,0,0,0
443,3.935937,610.312,2.402149582344,0.392,1,14,4873.13,0,0,0
444,3.930937,700.937,2.755339187969,0.4172,1,14,2346.69,0,0,0
445,3.933437,584.062,2.297371081094,0.4218,1,14,4023.56,0,0,0
446,3.922656,942.5,3.69710328,0.4494,1,14,3959.17,0,0,0
447,3.847812,2044.687,7.867571174843999,0.6579,1,14,2785.85,0,0,0
448,3.901718,983.437,3.837093844766,0.5583,1,14,3949.22,0,0,0
449,3.899062,880.625,3.43361147375,0.6081,1,47,5722.26,0,0,0
450,3.909218,925.625,3.61846991125,0.5539,1,47,2824.21,0,0,0
451,3.922968,757.812,2.9728722260160003,0.4703,1,47,4085.86,0,0,0
452,3.926718,684.375,2.68734763125,0.4096,1,47,2147.99,0,0,0
453,3.928125,682.812,2.6821708875,0.4118,1,47,4443.18,0,0,0
454,3.930937,680.0,2.67303716,0.4024,1,47,4494.69,0,0,0
455,3.922968,687.812,2.698264466016,0.4214,1,47,4418.73,0,0,0
456,3.923593,890.625,3.494450015625,0.434,1,47,4769.46,0,0,0
457,3.920625,874.687,3.429319719375,0.4243,1,47,4483.05,0,0,0
458,3.932343,709.687,2.790732706641,0.408,1,47,4057.62,0,0,0
459,3.9225,622.187,2.4405285075000003,0.3836,1,47,3446.55,0,0,0
460,3.917968,741.25,2.90419378,0.4146,1,47,5353.81,0,0,0
461,3.925,733.125,2.877515625,0.4456,1,47,2942.7,0,0,0
462,3.894843,1111.562,4.329359474765999,0.4245,1,47,16103.21,0,0,0
463,3.884062,1172.187,4.552846983594,0.4594,1,47,1745.29,0,0,0
464,3.9225,797.187,3.1269660075,0.5197,1,47,4809.11,0,0,0
465,3.918281,812.187,3.182376890547,0.4626,1,47,2727.86,0,0,0
466,3.899531,1231.562,4.802514197421999,0.4654,1,47,5367.92,0,0,0
467,3.918437,868.125,3.401693120625,0.4416,1,47,8798.67,0,0,0
468,3.899843,1102.812,4.300793658516,0.5025,1,47,2710.24,0,0,0
469,3.945156,376.562,1.485595833672,0.4181,1,47,5984.3,0,0,0
470,3.938437,534.375,2.104602271875,0.5219,1,47,3927.72,0,0,0
471,3.957031,361.875,1.431950593125,0.4053,1,47,96.61,0,0,0
472,3.955937,366.25,1.44886192625,0.3257,1,47,14.43,0,0,0
473,3.954375,471.875,1.865970703125,0.3458,1,47,14.0,0,0,0
474,3.951562,540.0,2.1338434800000003,0.2922,1,47,12.36,0,0,0
475,3.939375,707.187,2.785874788125,0.3527,1,47,1466.78,0,0,0
476,3.944687,656.25,2.58870084375,0.4349,1,47,1590.46,0,0,0
477,3.954531,407.812,1.612705196172,0.2987,1,47,260.97,0,0,0
478,3.956718,395.0,1.56290361,0.3038,1,47,13.63,0,0,0
479,3.959062,360.312,1.426497547344,0.3135,1,47,13.84,0,0,0
480,3.9175,776.875,3.0434078125,0.4601,1,47,1484.76,0,0,0
481,3.922812,801.25,3.143153115,0.6118,1,47,2291.21,0,0,0
482,3.914375,898.125,3.515598046875,0.5946,1,3,558.86,0,0,0
483,3.926093,479.062,1.880841964766,0.4933,1,3,13.48,0,0,0
484,3.957812,344.375,1.3629715075,0.308,1,3,13.28,0,0,0
485,3.96375,340.0,1.3476750000000002,0.3123,1,3,84.35,0,0,0
486,3.949218,466.562,1.8425550485160005,0.3529,1,3,12.51,0,0,0
487,3.913125,970.312,3.796952145,0.4408,1,3,1592.61,0,0,0
488,3.95875,357.187,1.4140140362500002,0.3376,1,3,1114.31,0,0,0
489,3.949843,498.75,1.96998419625,0.3833,1,3,3079.92,0,0,0
490,3.954843,424.687,1.6795704091410002,0.3982,1,3,3155.63,0,0,0
491,3.962031,345.0,1.366900695,0.3483,1,3,17.06,0,0,0
492,3.958906,381.875,1.51180722875,0.3348,1,3,462.72,0,0,0
493,3.963906,330.937,1.311803159922,0.3007,1,3,13.54,0,0,0
494,3.964843,369.687,1.465750914141,0.3592,1,3,13.17,0,0,0
495,3.962187,365.312,1.447434457344,0.3211,1,3,107.19,0,0,0
496,3.953125,450.312,1.780139625,0.3832,1,3,2131.47,0,0,0
497,3.958281,386.25,1.52888603625,0.38,1,3,2008.38,0,0,0
498,3.962031,470.0,1.86215457,0.3854,1,3,3820.56,0,0,0
499,3.952187,485.0,1.916810695,0.4237,1,3,1971.61,0,0,0
500,3.950156,481.875,1.9034814225,0.4079,1,3,2377.22,0,0,0
501,3.949843,474.375,1.873706773125,0.4072,1,3,2910.99,0,0,0
502,3.964218,377.812,1.497729131016,0.2896,1,3,14.09,0,0,0
503,3.963281,370.937,1.470127564297,0.3001,1,3,13.78,0,0,0
504,3.969062,361.25,1.4338236475,0.3039,1,3,13.49,0,0,0
505,3.9675,316.25,1.2547218749999998,0.2881,1,3,13.19,0,0,0
506,3.961093,385.937,1.528732349141,0.3495,1,3,1724.87,0,0,0
507,3.955312,374.062,1.479531917344,0.4243,1,3,2601.56,0,0,0
508,3.955156,496.562,1.963980173672,0.4004,1,3,3300.34,0,0,0
509,3.95875,551.875,2.18473515625,0.3857,1,3,445.78,0,0,0
510,3.920156,669.062,2.622827413672,0.3749,1,3,13.82,0,0,0
511,3.908281,1179.375,4.609328904375,0.5409,1,3,14.82,0,0,0
512,3.81375,1942.5,7.408209375,0.7186,1,3,76.53,0,0,0
513,3.812187,1946.25,7.41946894875,0.8544,1,3,320.31,0,0,0
514,3.925625,791.875,3.1086042968750003,0.6553,1,3,75.45,0,0,0
515,3.917343,893.125,3.498676966875,0.4302,1,3,103.42,0,0,0
516,3.930468,595.312,2.3398547660160003,0.5091,1,3,447.19,0,0,0
517,3.951093,401.875,1.587845499375,0.4881,1,3,808.88,0,0,0
518,3.929843,393.125,1.544919529375,0.492,1,3,385.76,0,0,0
519,3.948125,441.875,1.7445777343750002,0.4282,1,3,867.2,0,0,0
520,3.915156,823.75,3.225109755,0.4484,1,3,96.32,0,0,0
521,3.936562,743.75,2.9278179875,0.4583,1,3,15.33,0,0,0
522,3.935937,632.812,2.4907081648440004,0.4356,1,6,13.12,0,0,0
523,3.9375,655.312,2.580291,0.4228,1,6,19.09,0,0,0
524,3.945937,410.312,1.619065302344,0.4043,1,6,403.01,0,0,0
525,3.960468,462.187,1.830476823516,0.3664,1,6,193.34,0,0,0
526,3.899531,1136.562,4.432058752422,0.5958,1,6,90.56,0,0,0
527,3.92625,787.5,3.091921875,0.5288,1,6,217.5,0,0,0
528,3.962031,271.562,1.0759370624220002,0.4905,1,6,322.12,0,0,0
529,3.927812,775.0,3.0440543,0.5258,1,6,232.49,0,0,0
530,3.943593,530.937,2.093799436641,0.4207,1,6,289.78,0,0,0
531,3.881718,1098.125,4.26261157875,0.6169,1,6,768.37,0,0,0
532,3.94,492.5,1.94045,0.6,1,6,763.9,0,0,0
533,3.8775,1246.25,4.832334375,0.5671,1,6,314.55,0,0,0
534,3.87625,1096.25,4.2493390625,0.6655,1,6,907.38,0,0,0
535,3.948125,420.0,1.6582125,0.5771,1,6,1276.23,0,0,0
536,3.946093,554.062,2.186380179766,0.4394,1,6,116.78,0,0,0
537,3.936406,700.625,2.75794445375,0.3996,1,6,261.64,0,0,0
538,3.95,483.75,1.9108125,0.4685,1,6,643.36,0,0,0
539,3.920468,669.062,2.623036161016,0.4614,1,6,1168.9,0,0,0
540,3.932343,491.562,1.932990389766,0.4031,1,6,14.69,0,0,0
541,3.948593,402.812,1.590540643516,0.3668,1,6,31.67,0,0,0
542,3.9375,700.625,2.7587109375,0.3585,1,6,208.05,0,0,0
543,3.958281,173.125,0.685277398125,0.2389,1,6,13.89,0,0,0
544,3.966718,308.125,1.22224498375,0.272,1,6,13.78,0,0,0
545,3.940937,654.687,2.580080221719,0.381,1,6,14.22,0,0,0
546,3.959687,355.625,1.4081636893750002,0.261,1,6,13.65,0,0,0
547,3.9725,214.375,0.8516046875000001,0.3225,1,6,14.12,0,0,0
548,3.947187,566.562,2.236326161094,0.4233,1,6,15.51,0,0,0
549,3.9475,373.75,1.475378125,0.448,1,6,13.69,0,0,0
550,3.952187,491.25,1.94151186375,0.4662,1,6,13.15,0,0,0
551,3.969687,272.5,1.0817397075,0.2593,1,6,14.2,0,0,0
552,3.959375,358.125,1.4179511718750002,0.3691,1,6,21.86,0,0,0
553,3.965468,303.437,1.203269713516,0.2494,1,6,13.7,0,0,0
554,3.970468,226.562,0.8995571710160001,0.3388,1,6,13.85,0,0,0
555,3.948906,538.125,2.12500504125,0.4049,1,6,21.64,0,0,0
556,3.942968,636.562,2.509943596016,0.4394,1,6,99.54,0,0,0
557,3.95125,502.812,1.986735915,0.3886,1,6,82.6,0,0,0
558,3.96625,300.312,1.1911124700000002,0.2591,1,6,289.81,0,0,0
559,3.95375,471.875,1.86567578125,0.3352,1,6,14.45,0,0,0
560,3.95375,453.75,1.7940140624999998,0.4005,1,6,246.22,0,0,0
561,3.924843,1174.375,4.609237498125,0.514,1,6,337.71,0,0,0
562,3.912656,1215.937,4.757543198672,0.4803,1,6,319.85,0,0,0
563,3.967031,368.75,1.4628426812500002,0.3492,1,6,323.38,0,0,0
564,3.967968,231.562,0.918830606016,0.3472,1,6,18.26,0,0,0
565,3.95875,470.937,1.86432184875,0.494,1,6,26.37,0,0,0
566,3.952031,431.25,1.70431336875,0.3688,1,6,25.73,0,0,0
567,3.952812,393.75,1.556419725,0.3312,1,6,39.66,0,0,0
568,3.963906,340.312,1.348964778672,0.3907,1,6,102.41,0,0,0
569,3.944687,494.375,1.950154635625,0.46,1,6,101.35,0,0,0
570,3.949531,513.125,2.026603094375,0.3747,1,6,20.42,0,0,0
571,3.941562,695.937,2.743078833594,0.4878,1,6,114.23,0,0,0
572,3.939375,676.562,2.66523142875,0.5299,1,6,139.37,0,0,0
573,3.901718,1404.375,5.479475216249999,0.5,1,6,851.27,0,0,0
574,3.927812,737.812,2.897986827344,0.398,1,6,419.79,0,0,0
575,3.965937,264.687,1.049731966719,0.2518,1,6,137.61,0,0,0
576,3.974843,208.125,0.827264199375,0.1991,1,6,17.88,0,0,0
577,3.894531,1723.125,6.710763729375,0.3147,1,6,13.89,0,0,0
578,3.924687,936.562,3.675712706094,0.2161,1,6,14.3,0,0,0
579,3.909843,874.375,3.418668973125,0.4161,1,6,13.97,0,0,0
580,3.920468,1012.187,3.968246743516,0.5074,1,6,17.88,0,0,0
581,3.951562,616.25,2.4351500825,0.4088,1,6,15.5,0,0,0
582,3.866093,1660.937,6.421336909140999,0.3983,1,6,73.6,0,0,0
583,3.950937,269.375,1.0642836543749998,0.3113,1,6,75.53,0,0,0
584,3.971093,232.812,0.9245181035160002,0.2465,1,6,14.17,0,0,0
585,3.96375,335.0,1.3278562500000002,0.2425,1,6,17.62,0,0,0
586,3.971718,205.312,0.8154413660160001,0.2122,1,6,14.42,0,0,0
587,3.9725,381.875,1.5169984375,0.2633,1,6,14.22,0,0,0
588,3.969375,266.562,1.05808453875,0.2387,1,6,14.69,0,0,0
589,3.974375,236.875,0.941430078125,0.2319,1,6,13.62,0,0,0
590,3.970468,233.75,0.928096895,0.2118,1,6,14.22,0,0,0
591,3.977968,156.875,0.62404373,0.1919,1,6,14.0,0,0,0
592,3.974531,173.437,0.689330733047,0.2087,1,6,15.32,0,0,0
593,3.974843,209.687,0.8334729041410001,0.2181,1,6,14.04,0,0,0
594,3.974843,251.875,1.001163580625,0.247,1,6,14.1,0,0,0
595,3.973593,304.375,1.2094623693750002,0.2552,1,6,13.16,0,0,0
596,3.969062,248.125,0.98482350875,0.2733,1,6,14.22,0,0,0
597,3.972812,214.375,0.8516715725,0.2661,1,6,13.7,0,0,0
598,3.967187,339.062,1.3451223585940002,0.3463,1,6,14.32,0,0,0
599,3.905625,910.312,3.555337305,0.3119,1,6,13.15,0,0,0
600,3.959062,494.062,1.956022089844,0.292,1,6,62.92,0,0,0
601,3.89625,1381.25,5.381695312500001,0.3317,1,6,920.34,0,0,0
602,3.959687,295.937,1.171817891719,0.3532,1,6,1830.52,0,0,0
603,3.949531,418.437,1.652629903047,0.3566,1,6,2333.57,0,0,0
604,3.955781,328.125,1.297990640625,0.3242,1,6,1732.31,0,0,0
605,3.95625,507.812,2.009031225,0.4034,1,6,2714.33,0,0,0
606,3.971562,311.25,1.2361486725000002,0.3263,1,6,1975.28,0,0,0
607,3.962812,384.062,1.521965502344,0.355,1,6,2475.13,0,0,0
608,3.9475,583.437,2.3031175575,0.2797,1,6,687.5,0,0,0
609,3.957031,422.812,1.673080191172,0.2468,1,6,164.45,0,0,0
610,3.965781,418.437,1.659429504297,0.2217,1,6,311.44,0,0,0
611,3.965468,473.125,1.8761620475,0.2599,1,6,294.13,0,0,0
612,3.964375,432.187,1.7133513381249998,0.3876,1,6,325.32,0,0,0
613,3.971406,227.187,0.902251814922,0.2673,1,6,311.88,0,0,0
614,3.974687,240.937,0.957649161719,0.2712,1,6,234.13,0,0,0
615,3.968593,389.062,1.544028729766,0.263,1,6,248.83,0,0,0
616,3.969062,317.5,1.260177185,0.3217,1,6,297.85,0,0,0
617,3.964687,463.75,1.83862359625,0.3247,1,6,298.78,0,0,0
618,3.966093,257.187,1.020027560391,0.3248,1,6,260.53,0,0,0
619,3.971406,256.25,1.0176727875,0.2771,1,6,279.9,0,0,0
620,3.973437,217.187,0.8629788617190001,0.2991,1,6,367.17,0,0,0
621,3.969531,363.75,1.44391690125,0.2983,1,6,322.86,0,0,0
622,3.96625,320.937,1.2729163762500002,0.2782,1,6,272.67,0,0,0
623,3.968281,455.937,1.809286134297,0.2754,1,6,332.61,0,0,0
624,3.962656,513.75,2.03581452,0.236,1,6,254.83,0,0,0
625,3.9725,341.875,1.3580984375,0.2451,1,6,272.29,0,0,0
626,3.969218,261.25,1.0369582025,0.3056,1,6,327.17,0,0,0
627,3.973437,221.562,0.880362648594,0.29,1,6,251.95,0,0,0
628,3.969375,306.25,1.21562109375,0.3092,1,6,230.66,0,0,0
629,3.973437,222.5,0.8840897325,0.2617,1,6,296.82,0,0,0
630,3.96625,419.687,1.6645835637500002,0.3014,1,6,311.07,0,0,0
631,3.956718,602.812,2.385157091016,0.3871,1,6,270.05,0,0,0
632,3.970156,260.312,1.033479248672,0.3427,1,6,236.07,0,0,0
633,3.960156,494.062,1.956562593672,0.3081,1,6,254.86,0,0,0
634,3.968125,253.125,1.004431640625,0.2845,1,6,282.61,0,0,0
635,3.972812,295.0,1.17197954,0.3001,1,6,252.81,0,0,0
636,3.972343,292.187,1.160666984141,0.2999,1,6,284.09,0,0,0
637,3.966718,387.187,1.535861642266,0.2786,1,6,240.66,0,0,0
638,3.965468,358.125,1.4201332275,0.2954,1,6,332.87,0,0,0
639,3.9725,268.437,1.0663659825000005,0.3194,1,6,301.03,0,0,0
640,3.967343,424.687,1.6848789966410005,0.3704,1,6,299.68,0,0,0
641,3.966875,451.25,1.79005234375,0.3329,1,6,276.77,0,0,0
642,3.918281,1269.375,4.973767944374999,0.3471,1,6,259.1,0,0,0
643,3.835781,2195.937,8.423133421796999,0.6427,1,6,310.38,0,0,0
644,3.97125,295.0,1.17151875,0.2702,1,6,327.1,0,0,0
645,3.908593,1020.625,3.989207730625,0.4653,1,6,215.51,0,0,0
646,3.949843,674.062,2.6624390722660003,0.413,1,6,291.61,0,0,0
647,3.971718,217.187,0.8626055172660001,0.32,1,6,357.44,0,0,0
648,3.937812,793.125,3.1231771425,0.3952,1,6,226.44,0,0,0
649,3.972812,329.687,1.309784469844,0.1884,1,6,375.85,0,0,0
650,3.973437,234.687,0.932514009219,0.2018,1,6,258.47,0,0,0
651,3.944375,713.75,2.81529765625,0.428,1,6,293.12,0,0,0
652,3.954375,601.25,2.37756796875,0.3746,1,6,269.99,0,0,0
653,3.948281,585.0,2.309744385,0.4853,1,6,455.79,0,0,0
654,3.937031,940.625,3.703269784375,0.4306,1,6,140.28,0,0,0
655,3.924375,1241.25,4.87113046875,0.6815,1,6,329.02,0,0,0
656,3.898593,1654.062,6.448514534766,0.6585,1,6,745.36,0,0,0
657,3.806718,2545.312,9.689285006016,0.9276,1,6,756.62,0,0,0
658,3.904687,905.625,3.536182164375,0.6491,1,6,608.45,0,0,0
659,3.908593,1036.875,4.052722366875,0.6711,1,6,728.49,0,0,0
660,3.934687,576.875,2.269822563125,0.66,1,6,884.31,0,0,0
661,3.953281,470.937,1.861746294297,0.3867,1,6,816.08,0,0,0
662,3.95,311.875,1.2319062500000002,0.4138,1,6,918.88,0,0,0
663,3.963125,268.437,1.0638493856250002,0.3844,1,6,383.26,0,0,0
664,3.871093,1672.187,6.473191390391,0.6345,1,6,296.76,0,0,0
665,3.934375,1311.25,5.15894921875,0.5019,1,6,363.36,0,0,0
666,3.9475,348.75,1.376690625,0.4166,1,6,287.12,0,0,0
667,3.935468,682.5,2.6859569100000003,0.2807,1,6,321.06,0,0,0
668,3.96375,265.312,1.05163044,0.3629,1,6,299.03,0,0,0
669,3.95125,474.375,1.87437421875,0.401,1,6,20.24,0,0,0
670,3.942812,505.625,1.9935843175,0.3975,1,6,107.52,0,0,0
671,3.960625,317.187,1.256258761875,0.2475,1,6,16.25,0,0,0
672,3.966093,216.562,0.858905032266,0.2377,1,6,13.43,0,0,0
673,3.962968,375.0,1.486113,0.2713,1,6,30.95,0,0,0
674,3.962187,277.812,1.100743094844,0.2572,1,6,16.44,0,0,0
675,3.9475,485.937,1.9182363075,0.3209,1,6,17.33,0,0,0
676,3.957968,329.062,1.302416866016,0.3904,1,6,11.22,0,0,0
677,3.964843,321.562,1.274942844766,0.3818,1,6,14.28,0,0,0
678,3.955312,487.812,1.929448657344,0.2796,1,6,14.27,0,0,0
679,3.949843,545.312,2.153896786016,0.4133,1,6,13.09,0,0,0
680,3.940625,630.625,2.485056640625,0.4005,1,6,13.5,0,0,0
681,3.958281,538.437,2.1312849467970003,0.3838,1,6,14.58,0,0,0
682,3.956718,392.812,1.554246311016,0.3301,1,6,13.62,0,0,0
683,3.95125,582.187,2.30036638375,0.2524,1,6,15.46,0,0,0
684,3.959843,394.375,1.5616630831249998,0.2788,1,6,13.37,0,0,0
685,3.951093,552.5,2.1829788825,0.4146,1,6,13.75,0,0,0
686,3.930312,835.937,3.285493222344,0.4153,1,6,13.74,0,0,0
687,3.919687,965.0,3.782497955,0.4422,1,6,15.81,0,0,0
688,3.890312,1276.562,4.966224467344,0.3226,1,6,13.85,0,0,0
689,3.898281,1290.312,5.029998753672,0.2821,1,6,13.88,0,0,0
690,3.90375,1640.312,6.40336797,0.3141,1,6,12.38,0,0,0
691,3.896562,1377.187,5.366294531094,0.4065,1,6,12.48,0,0,0
692,3.892187,1114.062,4.336137633593999,0.3009,1,6,13.66,0,0,0
693,3.901718,939.062,3.663955108516,0.2949,1,6,13.82,0,0,0
694,3.871562,1711.25,6.6252104725,0.4453,1,6,15.87,0,0,0
695,3.804062,2725.937,10.369633356094,0.6457,1,6,95.86,0,0,0
696,3.775625,2899.375,10.946952734375,0.8512,1,6,95.19,0,0,0
697,3.788125,2757.5,10.4457546875,0.9851,1,6,67.9,0,0,0
698,3.779218,2795.625,10.56527632125,0.999,1,6,95.75,0,0,0
699,3.787187,2553.437,9.670343411719,0.9977,1,6,99.63,0,0,0
700,3.807968,2304.062,8.773794366016,0.9979,1,6,92.46,0,0,0
701,3.801093,2491.875,9.471848619375,0.9989,1,6,96.2,0,0,0
702,3.812656,2124.062,8.098317728671999,1.0,1,6,96.08,0,0,0
703,3.809062,2272.5,8.656093395,0.9978,1,6,96.56,0,0,0
704,3.805937,2253.437,8.576439255469,1.0,1,6,75.04,0,0,0
705,3.800312,2326.875,8.842850984999998,0.9983,1,6,41.54,0,0,0
706,3.809531,2323.75,8.852397661249999,1.0,1,6,14.5,0,0,0
707,3.822812,1921.875,7.3469668125,0.9989,1,6,14.59,0,0,0
708,3.815468,2362.812,9.015233576016,1.0,1,6,16.12,0,0,0
709,3.807343,2328.437,8.865158312891,0.9991,1,6,12.97,0,0,0
710,3.81,2314.062,8.81657622,0.9988,1,6,14.59,0,0,0
711,3.810468,2067.187,7.876949913516,1.0,1,6,14.03,0,0,0
712,3.8125,2036.25,7.763203124999999,0.999,1,6,16.69,0,0,0
713,3.815468,2120.937,8.092367253516,0.9988,1,6,14.18,0,0,0
714,3.802031,2301.562,8.750610072422,0.999,1,6,15.08,0,0,0
715,3.810625,2140.312,8.155926415,0.9988,1,6,14.63,0,0,0
716,3.811093,2185.0,8.327238205,0.999,1,6,14.85,0,0,0
717,3.820468,2139.687,8.174605713516,0.9989,1,6,16.79,0,0,0
718,3.824531,1916.562,7.329950782421999,0.9989,1,6,14.37,0,0,0
719,3.829218,2249.687,8.614541954765999,1.0,1,6,14.48,0,0,0
720,3.802968,2470.625,9.395707815,0.9988,1,6,14.33,0,0,0
721,3.827968,2024.375,7.74924272,1.0,1,6,14.47,0,0,0
722,3.821875,1962.187,7.499233440625,0.999,1,6,14.43,0,0,0
723,3.816093,2033.437,7.759784701640998,0.9775,1,6,13.62,0,0,0
724,3.82625,1911.562,7.3141141025,0.9486,1,6,23.67,0,0,0
725,3.819375,2070.312,7.907297894999999,0.9627,1,18,15.73,0,0,0
726,3.818593,2240.312,8.554839721016,0.9521,1,18,12.79,0,0,0
727,3.812343,2238.437,8.533689627890999,0.9992,1,18,14.24,0,0,0
728,3.814687,2223.437,8.481716219219,1.0,1,18,15.23,0,0,0
729,3.817187,1944.687,7.423233935469,1.0,1,18,14.25,0,0,0
730,3.816718,1955.312,7.462874506015999,0.999,1,18,14.52,0,0,0
731,3.811562,1978.437,7.540935288593999,1.0,1,18,14.54,0,0,0
732,3.815156,1890.937,7.214219641172,0.999,1,18,17.13,0,0,0
733,3.827343,2150.937,8.232373670390999,0.9991,1,18,20.17,0,0,0
734,3.820937,1920.937,7.339779257968999,0.9989,1,18,12.56,0,0,0
735,3.836875,1639.375,6.290076953125,0.9989,1,18,16.39,0,0,0
736,3.842031,1636.562,6.287721937421999,1.0,1,18,14.44,0,0,0
737,3.849531,1498.437,5.768279683046999,0.9989,1,18,15.42,0,0,0
738,3.85375,1341.562,5.1700445575,1.0,1,18,12.88,0,0,0
739,3.841718,1682.5,6.4636905350000005,0.999,1,18,14.65,0,0,0
740,3.835468,1800.937,6.907436233515999,0.9972,1,18,13.75,0,0,0
741,3.854531,1542.812,5.946816681172,0.9613,1,18,13.16,0,0,0
742,3.82375,1925.625,7.36310859375,0.9565,1,181,14.77,0,0,0
743,3.824218,1955.937,7.479929482266,0.9505,1,181,13.91,0,0,0
744,3.8175,2062.5,7.873593749999999,0.9525,1,181,12.47,0,0,0
745,3.811875,1927.5,7.3473890625,0.949,1,181,12.88,0,0,0
746,3.826406,1875.0,7.17451125,0.9484,1,181,13.29,0,0,0
747,3.816562,2164.375,8.260471378750001,0.9292,1,181,13.13,0,0,0
748,3.820781,1991.875,7.610518154375001,0.9166,1,181,13.03,0,0,0
749,3.811093,2075.312,7.909207036015999,0.9343,1,181,12.95,0,0,0
750,3.815781,2113.437,8.064412749296999,0.9329,1,181,15.74,0,0,0
751,3.808125,2049.375,7.804276171874999,0.9419,1,181,13.15,0,0,0
752,3.819687,1974.062,7.540298958594,0.9485,1,181,13.23,0,0,0
753,3.815781,1812.5,6.9161030625,0.948,1,181,14.76,0,0,0
754,3.822812,1824.375,6.9742426425,0.9403,1,181,13.34,0,0,0
755,3.811093,2200.0,8.384404600000002,0.9541,1,181,13.88,0,0,0
756,3.826718,1874.375,7.17270455125,0.9198,1,181,13.79,0,0,0
757,3.822812,1977.812,7.560803447343999,0.9365,1,181,13.29,0,0,0
758,3.818593,2180.625,8.326919360625,0.9343,1,181,13.93,0,0,0
759,3.825781,1890.0,7.23072609,0.9348,1,181,12.9,0,0,0
760,3.823281,2031.25,7.766039531250001,0.9336,1,181,16.89,0,0,0
761,3.814218,2194.687,8.371014659766,0.9323,1,181,13.19,0,0,0
762,3.850156,1528.125,5.8835196375,0.9686,1,11,15.47,0,0,0
763,3.848906,1535.312,5.909271568671999,0.9592,1,11,13.15,0,0,0
764,3.839062,1741.25,6.684766707500001,0.9932,1,11,16.14,0,0,0
765,3.837812,1399.062,5.369336932343999,1.0,1,11,14.54,0,0,0
766,3.851718,1535.625,5.91479445375,0.9988,1,11,15.66,0,0,0
767,3.843125,1699.687,6.532109601875,0.9991,1,11,14.07,0,0,0
768,3.831875,1952.5,7.4817359375,1.0,1,11,18.94,0,0,0
769,3.846875,1613.437,6.206690459374999,0.9971,1,11,17.95,0,0,0
770,3.855937,1377.187,5.310346309219,0.9979,1,11,24.32,0,0,0
771,3.8525,1266.562,4.879430105,1.0,1,11,10.19,0,0,0
772,3.854687,1357.812,5.233940264844,0.9991,1,11,15.46,0,0,0
773,3.856718,1459.375,5.62839783125,1.0,1,11,17.07,0,0,0
774,3.842656,1747.812,6.716240268671999,0.9991,1,11,14.25,0,0,0
775,3.854687,1396.562,5.383309386094,1.0,1,11,20.83,0,0,0
776,3.85625,1495.625,5.76750390625,0.9992,1,11,10.45,0,0,0
777,3.849062,1525.312,5.871020457344,1.0,1,11,14.78,0,0,0
778,3.847187,1615.937,6.216811819219,0.9981,1,11,14.55,0,0,0
779,3.844531,1695.0,6.516480045,0.9991,1,11,16.37,0,0,0
780,3.85625,1420.625,5.47828515625,0.9981,1,11,14.34,0,0,0
781,3.854531,1517.5,5.8492507925,0.9976,1,11,16.61,0,0,0
782,3.856875,1357.5,5.235707812499999,0.998,1,11,17.31,0,0,0
783,3.859843,1445.0,5.577473135000001,0.9983,1,11,14.8,0,0,0
784,3.859531,1489.687,5.749493156797,1.0,1,11,16.49,0,0,0
785,3.848281,1835.312,7.062796298672,0.9986,1,11,18.78,0,0,0
786,3.854687,1490.937,5.747095471719,0.999,1,11,14.58,0,0,0
787,3.854531,1490.625,5.745660271875001,0.928,1,11,13.21,0,0,0
788,3.912187,551.562,2.157813686094,0.4727,1,11,15.26,0,0,0
789,3.907968,635.312,2.482778966016,0.3902,1,11,26.48,0,0,0
790,3.931562,296.25,1.1647252425,0.2348,1,11,13.87,0,0,0
791,3.930312,380.937,1.497201262344,0.3141,1,11,13.6,0,0,0
792,3.926875,471.25,1.85053984375,0.3057,1,11,13.57,0,0,0
793,3.917656,587.187,2.300396673672,0.3838,1,11,13.71,0,0,0
794,3.894531,1055.625,4.111164286875001,0.4302,1,11,13.49,0,0,0
795,3.9125,731.25,2.861015625,0.4584,1,11,15.83,0,0,0
796,3.9275,727.187,2.8560269425,0.4022,1,11,27.47,0,0,0
797,3.919843,564.687,2.213484384141,0.4711,1,11,14.2,0,0,0
798,3.908125,849.062,3.31824042875,0.3856,1,11,17.95,0,0,0
799,3.910468,825.625,3.2285801425,0.4918,1,11,105.43,0,0,0
800,3.920937,573.75,2.24963760375,0.3976,1,11,65.69,0,0,0
801,3.930156,435.312,1.710844068672,0.3354,1,11,17.15,0,0,0
802,3.938593,285.937,1.126189466641,0.2955,1,11,34.38,0,0,0
803,3.928593,708.125,2.781934918125,0.2186,1,11,56.64,0,0,0
804,3.940625,259.062,1.02086619375,0.2325,1,11,294.54,0,0,0
805,3.944218,220.312,0.868958556016,0.2779,1,11,14.42,0,0,0
806,3.905312,882.187,3.445215477344,0.4623,1,11,18.76,0,0,0
807,3.933437,353.125,1.3889949406250002,0.3227,1,11,14.22,0,0,0
808,3.945937,203.125,0.8015184531249999,0.2733,1,11,13.92,0,0,0
809,3.943125,373.125,1.471278515625,0.152,1,11,13.66,0,0,0
810,3.949375,159.062,0.62819548625,0.155,1,11,14.17,0,0,0
811,3.949375,197.187,0.778765408125,0.1939,1,11,14.76,0,0,0
812,3.943906,295.937,1.167147709922,0.2004,1,11,13.31,0,0,0
813,3.944843,319.062,1.258649497266,0.2412,1,11,15.8,0,0,0
814,3.944062,272.5,1.0747568950000002,0.2094,1,11,13.24,0,0,0
815,3.940156,392.812,1.547740558672,0.2278,1,11,17.04,0,0,0
816,3.943125,276.562,1.0905185362500005,0.2617,1,11,14.18,0,0,0
817,3.943125,265.625,1.047392578125,0.25,1,11,16.95,0,0,0
818,3.933281,518.437,2.039158401797,0.3076,1,11,13.45,0,0,0
819,3.863906,1976.25,7.636044232500001,0.3785,1,11,16.48,0,0,0
820,3.946718,248.125,0.97927940375,0.3456,1,11,30.04,0,0,0
821,3.94375,632.187,2.49318748125,0.3419,1,11,35.25,0,0,0
822,3.944375,280.312,1.105655645,0.2157,1,11,41.23,0,0,0
823,3.948593,214.062,0.845243714766,0.1855,1,11,19.85,0,0,0
824,3.9175,782.812,3.06666601,0.5,1,11,117.1,0,0,0
825,3.932187,509.062,2.001726978594,0.4617,1,11,64.87,0,0,0
826,3.890937,1287.812,5.010795359844,0.8022,1,11,77.46,0,0,0
827,3.890468,1413.75,5.500149135,0.8227,1,11,165.94,0,0,0
828,3.928906,699.687,2.749004452422,0.6229,1,11,839.87,0,0,0
829,3.925625,532.187,2.089166591875,0.5338,1,11,394.33,0,0,0
830,3.8725,1586.25,6.142753125,0.5736,1,11,118.62,0,0,0
831,3.933281,367.812,1.446707951172,0.2995,1,11,67.3,0,0,0
832,3.929218,639.375,2.5122437587500004,0.3055,1,11,19.77,0,0,0
833,3.940937,356.562,1.405188378594,0.2301,1,11,105.84,0,0,0
834,3.942656,247.812,0.977037468672,0.2168,1,11,68.03,0,0,0
835,3.946406,277.5,1.095127665,0.2834,1,11,18.12,0,0,0
836,3.932343,367.812,1.446362943516,0.4781,1,11,106.13,0,0,0
837,3.931718,666.25,2.6195071175,0.4101,1,11,29.9,0,0,0
838,3.935937,460.937,1.814218992969,0.336,1,11,16.84,0,0,0
839,3.887812,1422.5,5.53041257,0.4722,1,11,39.35,0,0,0
840,3.9375,376.562,1.482712875,0.4023,1,11,53.47,0,0,0
841,3.920937,555.312,2.177343367344,0.423,1,11,33.35,0,0,0
842,3.942968,366.562,1.445342236016,0.3082,1,11,28.83,0,0,0
843,3.936875,406.562,1.6005837737500002,0.3774,1,11,16.57,0,0,0
844,3.943593,453.437,1.788170979141,0.3042,1,11,13.27,0,0,0
845,3.948281,224.375,0.885895549375,0.2258,1,11,17.29,0,0,0
846,3.9325,566.875,2.2292359375,0.3736,1,11,40.24,0,0,0
847,3.9375,476.25,1.875234375,0.318,1,11,26.33,0,0,0
848,3.944062,335.625,1.32372580875,0.2203,1,11,26.26,0,0,0
849,3.924687,700.625,2.749733829375,0.3226,1,11,139.41,0,0,0
850,3.905781,1261.875,4.928607399375,0.4284,1,11,299.75,0,0,0
851,3.942656,305.625,1.20497424,0.2528,1,11,140.86,0,0,0
852,3.939687,1119.375,4.409987135625,0.3634,1,11,57.99,0,0,0
853,3.94375,310.312,1.2237929500000002,0.3043,1,11,98.16,0,0,0
854,3.933125,675.937,2.658544713125,0.3119,1,11,100.16,0,0,0
855,3.904218,1157.187,4.5179103147660005,0.3818,1,11,36.79,0,0,0
856,3.937031,432.812,1.7039942611720005,0.3274,1,11,37.25,0,0,0
857,3.950312,206.25,0.8147518499999999,0.2238,1,11,13.52,0,0,0
858,3.930312,580.312,2.280807217344,0.3643,1,11,95.04,0,0,0
859,3.9375,569.062,2.240681625,0.3873,1,11,32.01,0,0,0
860,3.920468,703.437,2.757802248516,0.497,1,11,74.12,0,0,0
861,3.94625,313.437,1.23690076125,0.3456,1,11,107.96,0,0,0
862,3.950312,231.562,0.914742147344,0.1724,1,11,14.23,0,0,0
863,3.952656,225.312,0.8905808286720001,0.1803,1,11,46.83,0,0,0
864,3.937343,421.875,1.661066578125,0.2784,1,11,208.23,0,0,0
865,3.951562,211.25,0.8347674724999999,0.2141,1,11,67.01,0,0,0
866,3.941562,360.625,1.42142579625,0.3388,1,11,16.7,0,0,0
867,3.937968,484.375,1.90745325,0.3096,1,11,21.25,0,0,0
868,3.932656,505.625,1.98844919,0.3524,1,11,35.01,0,0,0
869,3.93875,496.25,1.9546046875000005,0.3079,1,11,44.62,0,0,0
870,3.92375,772.187,3.02986874125,0.2663,1,11,22.76,0,0,0
871,3.928906,496.875,1.95217516875,0.2906,1,11,44.26,0,0,0
872,3.9525,201.875,0.7979109375,0.1921,1,11,36.62,0,0,0
873,3.938593,480.0,1.89052464,0.3402,1,11,72.03,0,0,0
874,3.917187,944.687,3.700515635469,0.3273,1,11,29.42,0,0,0
875,3.928281,783.125,3.076335058125,0.3476,1,11,17.72,0,0,0
876,3.948437,289.062,1.141343096094,0.2127,1,11,13.92,0,0,0
877,3.941718,387.187,1.526181967266,0.2855,1,11,21.2,0,0,0
878,3.929218,607.5,2.3869999350000004,0.3468,1,11,15.73,0,0,0
879,3.935468,427.812,1.6836404360160002,0.3866,1,11,18.13,0,0,0
880,3.944062,331.562,1.307701084844,0.2405,1,11,11.24,0,0,0
881,3.930468,574.062,2.256332321016,0.2529,1,11,14.22,0,0,0
882,3.9475,319.687,1.2619644325,0.1541,1,11,17.24,0,0,0
883,3.947187,258.125,1.018867644375,0.1694,1,11,17.45,0,0,0
884,3.954062,204.062,0.8068737998440001,0.1513,1,11,16.59,0,0,0
885,3.954531,187.5,0.7414745625,0.2581,1,11,18.6,0,0,0
886,3.951562,285.0,1.12619517,0.1606,1,11,18.26,0,0,0
887,3.952656,245.937,0.972104358672,0.1688,1,11,16.84,0,0,0
888,3.953281,240.625,0.951258240625,0.1438,1,11,16.65,0,0,0
889,3.955781,220.625,0.8727441831249999,0.151,1,11,17.97,0,0,0
890,3.950312,321.562,1.270270227344,0.1508,1,11,17.17,0,0,0
891,3.953125,244.687,0.967278296875,0.1533,1,11,16.96,0,0,0
892,3.956562,230.312,0.911243707344,0.1472,1,11,18.04,0,0,0
893,3.954531,229.687,0.908304361797,0.13,1,11,16.96,0,0,0
894,3.952187,322.812,1.2758133898439998,0.1539,1,11,17.42,0,0,0
895,3.940156,553.75,2.181861385,0.3125,1,11,17.18,0,0,0
896,3.947187,394.062,1.555436403594,0.2951,1,11,16.83,0,0,0
897,3.940468,464.375,1.8298548275,0.3281,1,11,18.37,0,0,0
898,3.930312,543.75,2.13710715,0.3226,1,11,16.76,0,0,0
899,3.952656,268.437,1.0610391186720003,0.2884,1,11,18.42,0,0,0
900,3.935781,427.187,1.6813144780470002,0.3714,1,11,16.88,0,0,0
901,3.942968,391.562,1.543916436016,0.226,1,11,17.95,0,0,0
902,3.955468,203.125,0.8034544375,0.1289,1,11,15.94,0,0,0
903,3.956562,170.312,0.673849987344,0.1656,1,11,16.49,0,0,0
904,3.954531,256.25,1.01334856875,0.1336,1,11,19.4,0,0,0
905,3.954375,223.437,0.8835536868750001,0.1425,1,11,15.64,0,0,0
906,3.95375,309.062,1.2219538825,0.1318,1,11,18.06,0,0,0
907,3.942812,418.75,1.651052525,0.2395,1,11,16.44,0,0,0
908,3.948437,262.5,1.0364647125000002,0.214,1,11,17.72,0,0,0
909,3.939375,391.875,1.5437425781249998,0.2562,1,11,17.05,0,0,0
910,3.936875,572.5,2.2538609375000003,0.1644,1,11,16.86,0,0,0
911,3.956562,186.875,0.73938252375,0.148,1,11,18.13,0,0,0
912,3.959531,182.5,0.7226144075,0.1391,1,11,16.38,0,0,0
913,3.944375,374.687,1.477906035625,0.3599,1,11,22.76,0,0,0
914,3.953125,257.187,1.016692359375,0.1841,1,11,13.66,0,0,0
915,3.925,849.687,3.335021475,0.3747,1,11,14.06,0,0,0
916,3.899687,1023.125,3.989867261875,0.486,1,11,26.58,0,0,0
917,3.924375,904.687,3.550331045625,0.4042,1,11,33.08,0,0,0
918,3.955625,240.937,0.953056420625,0.1248,1,11,14.1,0,0,0
919,3.938593,627.187,2.470234327891,0.2253,1,11,18.53,0,0,0
920,3.950312,295.937,1.169043482344,0.2744,1,11,29.22,0,0,0
921,3.891406,1620.625,6.30650984875,0.4629,1,11,197.02,0,0,0
922,3.940156,298.437,1.175888336172,0.4179,1,11,437.99,0,0,0
923,3.934531,593.125,2.333668699375,0.3496,1,11,346.71,0,0,0
924,3.917656,704.375,2.759498945,0.5281,1,11,1128.92,0,0,0
925,3.920625,680.625,2.668475390625,0.4645,1,11,51.55,0,0,0
926,3.918281,793.75,3.11013554375,0.4334,1,11,99.52,0,0,0
927,3.929218,695.312,2.732032426016,0.4181,1,11,108.58,0,0,0
928,3.940156,454.375,1.7903083825,0.3381,1,11,17.77,0,0,0
929,3.9425,337.812,1.33182381,0.3494,1,11,30.38,0,0,0
930,3.950625,261.25,1.03210078125,0.2328,1,11,50.97,0,0,0
931,3.9525,508.125,2.0083640625,0.2051,1,11,123.44,0,0,0
932,3.948125,336.875,1.330024609375,0.1348,1,11,14.33,0,0,0
933,3.956875,152.187,0.6021849356250001,0.2109,1,11,16.97,0,0,0
934,3.940781,353.125,1.391588290625,0.2421,1,11,18.56,0,0,0
935,3.942968,338.437,1.334446261016,0.2582,1,11,17.38,0,0,0
936,3.942031,417.5,1.6457979425,0.2715,1,11,25.98,0,0,0
937,3.943906,422.812,1.667530783672,0.2223,1,11,21.51,0,0,0
938,3.940156,464.062,1.828476673672,0.3965,1,11,104.61,0,0,0
939,3.925781,707.812,2.778714901172,0.4209,1,11,32.94,0,0,0
940,3.926875,650.937,2.556148231875,0.4911,1,11,19.11,0,0,0
941,3.933437,528.125,2.077346415625,0.393,1,11,156.64,0,0,0
942,3.945156,302.5,1.19340969,0.2701,1,11,168.72,0,0,0
943,3.940781,467.5,1.8423151175,0.3497,1,11,303.44,0,0,0
944,3.942187,418.437,1.6495569017190002,0.2734,1,11,49.41,0,0,0
945,3.920937,764.375,2.997066219375,0.4146,1,11,214.21,0,0,0
946,3.921875,663.437,2.6019169843750003,0.3834,1,11,276.36,0,0,0
947,3.920781,658.75,2.58281448375,0.391,1,11,346.06,0,0,0
948,3.934687,461.875,1.817333558125,0.3051,1,11,181.45,0,0,0
949,3.929843,498.75,1.96000919625,0.3256,1,11,25.36,0,0,0
950,3.924062,700.0,2.7468434,0.3413,1,11,39.46,0,0,0
951,3.930468,604.375,2.3754765975,0.3102,1,11,25.91,0,0,0
952,3.936718,444.375,1.74937906125,0.3348,1,11,14.57,0,0,0
953,3.929062,536.875,2.10941516125,0.3076,1,11,14.7,0,0,0
954,3.932656,538.437,2.1174874986720003,0.308,1,11,19.59,0,0,0
955,3.929218,551.25,2.1659814225000003,0.2813,1,11,89.36,0,0,0
956,3.927343,1006.875,3.954343483125,0.2928,1,11,348.44,0,0,0
957,3.929218,456.875,1.79516147375,0.3428,1,11,1946.56,0,0,0
958,3.914843,753.125,2.948366134375,0.3007,1,11,1340.07,0,0,0
959,3.931718,555.312,2.183330186016,0.4847,0,0,541.36,0,0,0
960,3.905625,684.062,2.67168964875,0.586,0,0,26.75,0,0,0
961,3.93,602.812,2.36905116,0.3866,0,0,2116.4,0,0,0
962,3.942031,427.187,1.683984396797,0.3129,0,0,1654.02,0,0,0
963,3.944375,315.625,1.244943359375,0.3356,0,0,2087.65,0,0,0
964,3.942656,268.437,1.0583547486720002,0.216,0,0,1909.16,0,0,0
965,3.902031,391.25,1.52666962875,0.1598,0,0,13.95,0,0,0
966,3.950468,252.812,0.998725716016,0.1636,0,0,17.34,0,0,0
967,3.948281,327.812,1.294293891172,0.1142,0,0,78.43,0,0,0
968,3.954062,166.25,0.6573628075,0.1509,0,0,149.19,0,0,0
969,3.957031,128.437,0.5082291905470001,0.1485,0,0,194.08,0,0,0
970,3.952812,116.875,0.4619849025,0.1979,0,0,173.93,0,0,0
971,3.954531,136.562,0.540038662422,0.1316,0,0,17.01,0,0,0
972,3.9625,94.687,0.3751972374999999,0.2943,1,11,17.66,0,0,0
973,3.919843,820.937,3.2179441528910004,0.5193,1,11,18.65,0,0,0
974,3.890625,1233.437,4.798840828125,0.5299,1,11,58.16,0,0,0
975,3.920156,974.687,3.820925091172,0.3228,1,11,83.2,0,0,0
976,3.925937,656.562,2.577621048594,0.3547,1,11,82.87,0,0,0
977,3.935937,680.625,2.6788971206250003,0.2031,1,11,75.76,0,0,0
978,3.935625,486.25,1.91369765625,0.3168,1,11,16.5,0,0,0
979,3.947343,177.5,0.7006533825,0.152,1,11,14.07,0,0,0
980,3.938906,403.125,1.58787148125,0.3203,1,11,18.26,0,0,0
981,3.885,893.125,3.4697906249999995,0.4013,1,11,13.71,0,0,0
982,3.925312,914.687,3.590431857344,0.5771,1,11,19.8,0,0,0
983,3.784062,3101.875,11.737687316250002,0.8212,1,11,88.59,0,0,0
984,3.811875,2406.875,9.174706640625,0.9939,1,11,1068.87,0,0,0
985,3.799531,2797.187,10.627998719297,0.9823,1,11,1043.17,0,0,0
986,3.7975,2679.687,10.1761113825,0.9958,1,11,944.37,0,0,0
987,3.815468,2275.312,8.681380126016,0.9635,1,11,607.24,0,0,0
988,3.805156,2525.625,9.6103971225,0.9693,1,11,1140.63,0,0,0
989,3.799687,2650.0,10.06917055,0.8007,1,11,817.24,0,0,0
990,3.847812,1284.687,4.943234054843999,0.8522,1,11,1109.66,0,0,0
991,3.877968,1288.437,4.996517456015999,0.6843,1,11,1022.99,0,0,0
992,3.876406,1204.687,4.669855914921999,0.4657,1,11,1091.57,0,0,0
993,3.851406,1610.625,6.20317078875,0.6983,1,11,991.36,0,0,0
994,3.850625,1505.0,5.795190624999999,0.784,1,11,1422.43,0,0,0
995,3.862968,1500.625,5.796866355000001,0.734,1,11,1432.45,0,0,0
996,3.815781,2456.562,9.373702604921998,0.706,1,11,1490.13,0,0,0
997,3.84375,1622.812,6.237683625,0.825,1,11,1906.31,0,0,0
998,3.908593,479.062,1.872458379766,0.5246,1,11,1306.72,0,0,0
999,3.886093,1066.562,4.144759122265999,0.5758,1,11,1664.51,0,0,0
1000,3.877968,1085.625,4.21001901,0.8082,1,11,336.33,0,0,0
1001,3.83875,1729.375,6.63863828125,0.8162,1,11,1389.2,0,0,0
1002,3.86375,1924.062,7.434094552499999,0.8374,1,11,630.47,0,0,0
1003,3.862656,1520.312,5.872442268672,0.7934,1,11,429.39,0,0,0
1004,3.889531,874.687,3.402122201797,0.7378,1,11,379.36,0,0,0
1005,3.869375,1363.437,5.275649041874999,0.7753,1,11,448.48,0,0,0
1006,3.872187,1323.125,5.123387424375,0.7411,1,11,461.75,0,0,0
1007,3.829375,2139.375,8.192469140625,0.804,1,11,451.42,0,0,0
1008,3.850156,1587.187,6.110917551172,0.9442,1,11,270.1,0,0,0
1009,3.852187,1489.687,5.738552895469,0.686,1,11,245.36,0,0,0
1010,3.897812,505.312,1.969611177344,0.5431,1,11,410.0,0,0,0
1011,3.908593,621.25,2.42821340125,0.5248,1,11,308.26,0,0,0
1012,3.905625,710.0,2.77299375,0.6022,1,11,381.4,0,0,0
1013,3.916406,484.375,1.89700915625,0.4517,1,11,206.73,0,0,0
1014,3.835468,1817.187,6.969762588516,0.5733,1,11,423.51,0,0,0
1015,3.896406,940.937,3.666272572422,0.5386,1,11,228.7,0,0,0
1016,3.898437,791.562,3.085854588594,0.4977,1,11,129.75,0,0,0
1017,3.915156,585.312,2.2915877886720004,0.5313,1,11,244.88,0,0,0
1018,3.902031,1003.125,3.914224846875,0.4463,1,11,258.0,0,0,0
1019,3.929375,270.625,1.063387109375,0.3891,1,11,63.52,0,0,0
1020,3.845312,1509.062,5.802814217343999,0.5749,1,11,190.21,0,0,0
1021,3.845937,1891.25,7.273628351250001,0.6373,1,11,160.43,0,0,0
1022,3.875781,1142.812,4.429289036171999,0.5417,1,11,87.89,0,0,0
1023,3.865312,1251.25,4.83647164,0.6233,1,11,59.96,0,0,0
1024,3.879375,1190.312,4.617666614999999,0.6433,1,11,140.65,0,0,0
1025,3.879687,1248.437,4.843544799218999,0.4993,1,11,66.41,0,0,0
1026,3.914218,248.125,0.97121534125,0.3255,1,11,67.99,0,0,0
1027,3.923593,485.0,1.902942605,0.3858,1,11,75.49,0,0,0
1028,3.874375,1302.187,5.045160758125,0.6057,1,11,49.32,0,0,0
1029,3.886406,1030.937,4.006639742422,0.6898,1,11,169.01,0,0,0
1030,3.895937,693.437,2.701586865469,0.6888,1,11,127.81,0,0,0
1031,3.906718,855.937,3.3439044847660004,0.3669,1,11,37.6,0,0,0
1032,3.892031,1156.562,4.501375157421999,0.4101,1,11,63.35,0,0,0
1033,3.904062,759.375,2.9646470812500003,0.4092,1,11,105.38,0,0,0
1034,3.922656,345.937,1.3569918486719998,0.334,1,11,41.91,0,0,0
1035,3.915468,627.5,2.45695617,0.4258,1,11,40.74,0,0,0
1036,3.912187,569.375,2.227501473125,0.4213,1,11,37.33,0,0,0
1037,3.874531,1371.25,5.312950633750001,0.6445,1,11,134.35,0,0,0
1038,3.915468,518.125,2.0287018575,0.4903,1,11,45.91,0,0,0
1039,3.913281,460.312,1.801330203672,0.4359,1,11,36.56,0,0,0
1040,3.909843,603.75,2.36056771125,0.4661,1,11,50.68,0,0,0
1041,3.917187,494.687,1.937781485469,0.3756,1,11,142.29,0,0,0
1042,3.923593,352.5,1.3830665324999998,0.4452,1,11,127.42,0,0,0
1043,3.909218,558.75,2.1842755575,0.4813,1,11,99.12,0,0,0
1044,3.877812,995.0,3.85842294,0.5968,1,11,853.72,0,0,0
1045,3.900781,726.25,2.83294220125,0.5706,1,11,1495.7,0,0,0
1046,3.882187,1184.687,4.599176470469,0.4673,1,11,537.1,0,0,0
1047,3.907968,746.562,2.917540406016,0.5943,1,11,1129.62,0,0,0
1048,3.915312,501.875,1.96499721,0.5083,1,11,212.84,0,0,0
1049,3.893437,1075.0,4.185444775,0.5906,1,11,214.55,0,0,0
1050,3.895312,1524.687,5.939131567344,0.6219,1,11,669.39,0,0,0
1051,3.886093,1219.062,4.737388304765999,0.5839,1,11,444.2,0,0,0
1052,3.910312,685.312,2.679783737344,0.5065,1,11,378.54,0,0,0
1053,3.909375,649.687,2.539870115625,0.61,1,11,307.25,0,0,0
1054,3.921093,415.312,1.628476976016,0.5373,1,11,432.43,0,0,0
1055,3.91,768.437,3.0045886700000004,0.5758,0,0,191.32,0,0,0
1056,3.874843,1213.125,4.700668914375,0.821,0,0,258.12,0,0,0
1057,3.910468,549.687,2.149533423516,0.6233,0,0,263.1,0,0,0
1058,3.933281,278.75,1.09640207875,0.3606,0,0,187.44,0,0,0
1059,3.932031,232.812,0.915424001172,0.4528,1,11,111.0,0,0,0
1060,3.871718,1349.687,5.225607452266,0.8222,1,11,114.67,0,0,0
1061,3.885156,1106.875,4.3003820475,0.731,1,11,413.32,0,0,0
1062,3.915781,492.187,1.927296503047,0.5716,1,11,237.36,0,0,0
1063,3.914687,601.25,2.35370555875,0.423,1,11,26.36,0,0,0
1064,3.922812,385.625,1.5127343775,0.4123,1,11,19.11,0,0,0
1065,3.926093,353.125,1.386401590625,0.3736,1,11,15.63,0,0,0
1066,3.922187,446.25,1.75027594875,0.38,1,11,16.56,0,0,0
1067,3.925625,463.437,1.819279873125,0.3286,1,11,21.43,0,0,0
1068,3.924687,423.75,1.66308611625,0.3605,1,11,21.38,0,0,0
1069,3.924218,395.625,1.55251874625,0.3468,1,11,47.15,0,0,0
1070,3.929218,335.0,1.3162880300000002,0.3673,1,11,42.37,0,0,0
1071,3.925156,490.312,1.924551088672,0.4861,1,11,88.49,0,0,0
1072,3.913125,770.937,3.016772848125,0.4581,1,11,81.86,0,0,0
1073,3.925781,400.937,1.573990856797,0.4292,1,11,64.87,0,0,0
1074,3.92375,479.062,1.8797195225,0.4135,1,11,80.14,0,0,0
1075,3.913125,675.0,2.641359375,0.4893,1,11,2837.87,0,0,0
1076,3.912031,633.75,2.47924964625,0.6329,0,0,2753.23,0,0,0
1077,3.931562,214.375,0.84282860375,0.5121,0,0,2856.92,0,0,0
1078,3.932187,319.687,1.257069065469,0.2989,0,0,2567.16,0,0,0
1079,3.935156,205.312,0.8079347486720001,0.4457,0,0,2550.95,0,0,0
1080,3.933437,220.312,0.8665833723440001,0.4081,0,0,3129.07,0,0,0
1081,3.938281,192.812,0.7593478361720001,0.3903,0,0,3199.28,0,0,0
1082,3.939531,251.25,0.98980716375,0.3083,0,0,2150.81,0,0,0
1083,3.939531,199.062,0.7842109199220001,0.2588,0,0,2995.21,0,0,0
1084,3.937812,276.875,1.0902816975,0.3393,0,0,3755.04,0,0,0
1085,3.935156,178.437,0.702177431172,0.2906,0,0,9431.55,0,0,0
1086,3.934843,397.187,1.562868486641,0.2176,0,0,61.17,0,0,0
1087,3.943593,164.062,0.6469937547660001,0.4132,0,0,144.95,0,0,0
1088,3.940625,221.562,0.87309275625,0.2903,0,0,120.59,0,0,0
1089,3.94375,127.187,0.50159373125,0.2354,0,0,92.75,0,0,0
1090,3.940468,192.812,0.7597695160160001,0.3758,1,11,77.38,0,0,0
1091,3.862968,1142.187,4.412231831015999,0.7553,1,11,157.69,0,0,0
1092,3.8775,1352.187,5.2431050925,0.5788,1,11,177.58,0,0,0
1093,3.839062,1867.187,7.168246658594,0.4812,1,11,137.15,0,0,0
1094,3.908906,679.687,2.656832592422,0.6887,1,11,290.5,0,0,0
1095,3.905156,776.562,3.032595753672,0.5475,1,11,49.68,0,0,0
1096,3.920781,451.25,1.7692524262499998,0.4297,1,11,37.21,0,0,0
1097,3.842656,2095.625,8.05276598,0.4752,1,11,27.5,0,0,0
1098,3.797968,2730.625,10.37082637,0.8098,1,11,187.7,0,0,0
1099,3.8275,2241.562,8.579578555000001,0.8647,1,11,365.45,0,0,0
1100,3.813125,2327.187,8.873854929375,0.9415,1,11,666.82,0,0,0
1101,3.838281,1860.312,7.140400203672,0.9157,1,11,213.52,0,0,0
1102,3.847187,1531.25,5.89100509375,0.7342,1,11,58.05,0,0,0
1103,3.876406,930.937,3.608689772422,0.5755,1,11,352.21,0,0,0
1104,3.921562,280.625,1.1004883362500002,0.3121,1,11,152.19,0,0,0
1105,3.835156,2047.812,7.853678478672,0.6412,1,11,1116.38,0,0,0
1106,3.880625,1116.875,4.334173046875001,0.5746,1,11,2392.57,0,0,0
1107,3.898593,949.062,3.700006469766,0.544,1,11,1423.02,0,0,0
1108,3.89,983.75,3.8267875,0.6331,1,11,1645.2,0,0,0
1109,3.872187,1409.687,5.458571675468999,0.6591,1,11,2129.06,0,0,0
1110,3.886093,965.937,3.753721014141,0.7088,1,11,1931.79,0,0,0
1111,3.89375,910.0,3.5433125,0.59,1,11,1912.29,0,0,0
1112,3.904843,572.187,2.234300401641,0.5134,1,11,1313.92,0,0,0
1113,3.920156,320.937,1.2581231061720002,0.3973,1,11,76.83,0,0,0
1114,3.886718,889.375,3.4567498212500003,0.4519,1,11,43.09,0,0,0
1115,3.912656,532.812,2.0847100686720004,0.4949,1,11,32.95,0,0,0
1116,3.912343,499.687,1.954946936641,0.5023,1,11,44.53,0,0,0
1117,3.909531,672.812,2.630379371172,0.5519,1,11,49.64,0,0,0
1118,3.910625,687.187,2.687330661875,0.5531,1,11,49.68,0,0,0
1119,3.8925,1017.187,3.959400397500001,0.5237,1,11,213.89,0,0,0
1120,3.916562,415.625,1.62782108125,0.4872,1,11,257.5,0,0,0
1121,3.886718,1101.25,4.280248197500001,0.538,1,11,47.03,0,0,0
1122,3.897656,919.062,3.582187518672,0.5486,1,11,33.26,0,0,0
1123,3.902031,734.375,2.865554015625,0.5124,1,11,36.09,0,0,0
1124,3.917812,458.437,1.796069979844,0.4804,1,11,657.58,0,0,0
1125,3.845937,2147.187,8.257945929219,0.65,1,11,21.86,0,0,0
1126,3.919687,427.187,1.6744393304690002,0.2787,1,11,28.1,0,0,0
1127,3.915625,542.5,2.1242265625,0.3487,1,11,59.44,0,0,0
1128,3.929062,230.625,0.90613992375,0.2105,1,11,26.87,0,0,0
1129,3.9275,335.0,1.3157125,0.2749,1,11,26.46,0,0,0
1130,3.915781,601.25,2.35436332625,0.3723,1,11,26.55,0,0,0
1131,3.924375,547.812,2.1498197175,0.3672,1,11,29.6,0,0,0
1132,3.913125,796.875,3.118271484375,0.3271,1,11,35.27,0,0,0
1133,3.905625,799.375,3.122058984375,0.4143,1,11,36.18,0,0,0
1134,3.932656,231.562,0.910653688672,0.2762,1,11,70.96,0,0,0
1135,3.902031,808.125,3.153328801875,0.461,1,11,415.72,0,0,0
1136,3.921875,371.875,1.458447265625,0.3811,1,11,52.95,0,0,0
1137,3.915156,542.5,2.12397213,0.3946,1,11,22.64,0,0,0
1138,3.892187,769.687,2.995765735469,0.6372,1,11,22.89,0,0,0
1139,3.9175,448.75,1.757978125,0.6085,1,11,36.06,0,0,0
1140,3.896718,876.562,3.415714923516,0.5529,1,11,1247.68,0,0,0
1141,3.903281,821.25,3.20556952125,0.6551,1,11,1713.26,0,0,0
1142,3.875937,1034.375,4.009172334375,0.6112,1,11,20.27,0,0,0
1143,3.913125,501.562,1.96267480125,0.4301,1,11,20.33,0,0,0
1144,3.914062,433.437,1.696499291094,0.4236,1,11,415.73,0,0,0
1145,3.918906,446.25,1.7488118025,0.4593,1,11,18.69,0,0,0
1146,3.909218,822.5,3.215331805,0.504,1,11,839.86,0,0,0
1147,3.914062,859.375,3.36364703125,0.5324,1,11,1012.59,0,0,0
1148,3.916718,490.0,1.91919182,0.4684,1,11,258.17,0,0,0
1149,3.916562,478.75,1.8750540575,0.4396,1,11,584.02,0,0,0
1150,3.919062,410.625,1.60926483375,0.4149,1,11,41.06,0,0,0
1151,3.918593,420.312,1.647031661016,0.4533,0,0,445.0,0,0,0
1152,3.855937,1547.5,5.967062507500001,0.6825,0,0,711.35,0,0,0
1153,3.910937,522.187,2.042240459219,0.5683,0,0,136.16,0,0,0
1154,3.9175,387.187,1.5168050725,0.4648,0,0,29.4,0,0,0
1155,3.854218,1830.625,7.055627826249999,0.6839,1,11,933.58,0,0,0
1156,3.777656,3330.0,12.57959448,0.7437,1,11,83.8,0,0,0
1157,3.88625,938.75,3.6482171875,0.48,1,11,527.48,0,0,0
1158,3.876562,1099.375,4.26179534875,0.4652,1,11,370.48,0,0,0
1159,3.893281,712.812,2.775177416172,0.5515,0,0,1392.83,0,0,0
1160,3.915781,367.812,1.440271241172,0.5546,0,0,1265.33,0,0,0
1161,3.925,215.312,0.8450996,0.3491,0,0,1605.27,0,0,0
1162,3.926093,285.0,1.1189365049999995,0.3379,0,0,915.49,0,0,0
1163,3.931718,165.312,0.649960166016,0.2882,0,0,2680.14,0,0,0
1164,3.876562,1253.437,4.859026243593999,0.6782,1,11,663.06,0,0,0
1165,3.839375,2210.625,8.487418359374999,0.7618,1,11,697.84,0,0,0
1166,3.8975,820.0,3.19595,0.4741,1,11,747.9,0,0,0
1167,3.912187,600.937,2.3509779192190003,0.3609,1,11,1402.41,0,0,0
1168,3.913281,433.75,1.6973856337500002,0.4468,1,11,368.21,0,0,0
1169,3.817968,2508.437,9.577132196016,0.6278,0,0,866.36,0,0,0
1170,3.917187,472.187,1.849644777969,0.4603,0,0,1269.95,0,0,0
1171,3.927968,253.437,0.995492426016,0.397,1,11,1110.8,0,0,0
1172,3.894687,882.812,3.438276419844,0.6498,1,11,864.54,0,0,0
1173,3.902968,756.562,2.952837276016,0.4665,1,11,863.41,0,0,0
1174,3.9,869.687,3.3917793,0.6425,0,0,1227.26,0,0,0
1175,3.860312,1431.875,5.527484245,0.7477,0,0,1638.29,0,0,0
1176,3.922187,324.687,1.273483130469,0.3933,0,0,1381.66,0,0,0
1177,3.924218,320.625,1.25820239625,0.3859,0,0,1487.99,0,0,0
1178,3.9275,288.75,1.134065625,0.3938,0,0,1722.57,0,0,0
1179,3.927187,301.25,1.18306508375,0.3632,0,0,1561.11,0,0,0
1180,3.923281,396.25,1.55460009625,0.4018,0,0,1484.2,0,0,0
1181,3.929218,256.25,1.0068621125,0.2966,0,0,1662.55,0,0,0
1182,3.926093,264.062,1.036731969766,0.2841,0,0,1451.78,0,0,0
1183,3.890312,910.0,3.5401839200000005,0.2782,0,0,1346.46,0,0,0
1184,3.93375,204.062,0.8027288925,0.2933,0,0,1459.02,0,0,0
1185,3.930625,172.187,0.6768025268750001,0.2571,0,0,1100.72,0,0,0
1186,3.928437,293.125,1.1515230956250002,0.3465,0,0,1281.05,0,0,0
1187,3.919531,400.0,1.5678124000000002,0.4228,0,0,1397.04,0,0,0
1188,3.923125,370.937,1.455232218125,0.5493,0,0,1283.28,0,0,0
1189,3.914843,515.937,2.019812352891,0.472,0,0,1271.13,0,0,0
1190,3.932031,385.625,1.5162894543749998,0.4373,0,0,1344.18,0,0,0
1191,3.930312,265.937,1.045215382344,0.3283,0,0,1763.92,0,0,0
1192,3.929062,376.562,1.479535444844,0.3223,0,0,1888.39,0,0,0
1193,3.933281,184.687,0.726425868047,0.3748,0,0,1887.32,0,0,0
1194,3.925781,308.125,1.209631270625,0.3884,0,0,2308.62,0,0,0
1195,3.928906,384.062,1.508943496172,0.4106,0,0,2255.54,0,0,0
1196,3.929062,296.562,1.165210484844,0.4004,0,0,2402.35,0,0,0
1197,3.929375,305.0,1.198459375,0.4052,0,0,2290.13,0,0,0
1198,3.917656,420.625,1.647864055,0.4503,0,0,2193.03,0,0,0
1199,3.927031,323.437,1.270147125547,0.4254,0,0,2146.74,0,0,0
1200,3.929375,250.937,0.986025574375,0.4022,0,0,2285.15,0,0,0
1201,3.929062,335.625,1.31869143375,0.4035,0,0,2143.25,0,0,0
1202,3.926875,410.625,1.612473046875,0.4002,0,0,2205.77,0,0,0
1203,3.929531,282.5,1.1100925075,0.3296,0,0,2354.46,0,0,0
1204,3.9225,521.875,2.0470546875,0.3552,0,0,1230.79,0,0,0
1205,3.9275,357.5,1.40408125,0.3865,0,0,2041.97,0,0,0
1206,3.93,319.375,1.2551437500000002,0.3727,0,0,1831.23,0,0,0
1207,3.929531,291.25,1.14447590375,0.4068,0,0,1517.66,0,0,0
1208,3.933437,241.562,0.950168908594,0.3573,0,0,1915.24,0,0,0
1209,3.932343,222.5,0.8749463175,0.3304,0,0,2118.68,0,0,0
1210,3.935625,223.437,0.8793642431250001,0.2952,0,0,2232.13,0,0,0
1211,3.934375,226.562,0.8913798687500001,0.3273,0,0,2447.71,0,0,0
1212,3.935781,199.062,0.7834644374220001,0.2989,0,0,2483.2,0,0,0
1213,3.935625,266.562,1.04908807125,0.3159,0,0,2260.3,0,0,0
1214,3.936875,190.625,0.750466796875,0.3341,0,0,2746.85,0,0,0
1215,3.9325,243.437,0.9573160025,0.4002,0,0,2916.58,0,0,0
1216,3.925937,312.5,1.2268553125,0.3877,0,0,2782.62,0,0,0
1217,3.916406,651.562,2.551781326172,0.4772,0,0,2466.04,0,0,0
1218,3.905312,837.5,3.2706988,0.6486,0,0,2644.55,0,0,0
1219,3.919062,483.437,1.894619576094,0.4099,0,0,2321.24,0,0,0
1220,3.929218,291.25,1.1443847425,0.3911,0,0,3186.88,0,0,0
1221,3.930625,625.625,2.459097265625,0.4312,0,0,2753.46,0,0,0
1222,3.931406,234.687,0.922649879922,0.3982,0,0,2985.88,0,0,0
1223,3.930312,285.0,1.1201389199999998,0.3973,0,0,2883.75,0,0,0
1224,3.929062,372.5,1.463575595,0.3998,0,0,3299.86,0,0,0
1225,3.925625,497.812,1.9542232325,0.4485,0,0,3515.56,0,0,0
1226,3.933281,240.0,0.94398744,0.3821,0,0,3163.96,0,0,0
1227,3.932031,312.5,1.2287596875,0.4014,0,0,2832.37,0,0,0
1228,3.928281,274.687,1.079047723047,0.4032,0,0,2670.59,0,0,0
1229,3.93,345.312,1.35707616,0.39,0,0,2996.73,0,0,0
1230,3.929375,393.75,1.5471914062499998,0.3503,0,0,2821.21,0,0,0
1231,3.930156,250.312,0.9837652086720002,0.3479,0,0,2100.78,0,0,0
1232,3.924687,535.0,2.099707545,0.2864,0,0,520.54,0,0,0
1233,3.929843,329.062,1.293161997266,0.2584,0,0,417.27,0,0,0
1234,3.939843,210.312,0.828596261016,0.2062,0,0,635.99,0,0,0
1235,3.921562,434.687,1.7046520210940002,0.2492,0,0,393.62,0,0,0
1236,3.937656,316.25,1.2452837099999998,0.2289,0,0,367.12,0,0,0
1237,3.942187,132.5,0.5223397775,0.183,0,0,25.43,0,0,0
1238,3.93375,275.0,1.08178125,0.2519,0,0,22.8,0,0,0
1239,3.942812,113.125,0.4460306075,0.1857,0,0,25.91,0,0,0
1240,3.930468,306.25,1.203705825,0.2492,0,0,41.31,0,0,0
1241,3.801093,1051.875,3.998274699375,0.4838,1,11,13.45,1,0,0
1242,3.799843,1046.562,3.976771289766,0.5272,1,11,13.58,1,0,0
1243,3.795781,830.312,3.151682513672,0.5597,1,11,13.79,1,0,0
1244,3.743593,1325.937,4.963768471641,0.6025,1,11,14.19,1,0,0
1245,3.763125,1337.5,5.0331796875,0.6167,1,11,54.22,1,0,0
1246,3.775468,891.562,3.366063801016,0.5486,1,11,14.07,1,0,0
1247,3.785156,1195.0,4.523261420000001,0.5294,1,11,47.91,1,0,0
1248,3.796406,1141.25,4.3326483475,0.494,1,11,14.09,1,0,0
1249,3.764843,1450.0,5.45902235,0.5993,1,11,13.45,1,0,0
1250,3.786406,1053.75,3.9899253225,0.575,1,11,13.47,1,0,0
1251,3.803125,935.0,3.555921875,0.4798,1,11,13.49,1,0,0
1252,3.792187,1166.25,4.42263808875,0.5651,1,11,14.07,1,0,0
1253,3.81375,742.187,2.83051567125,0.478,1,11,14.26,1,0,0
1254,3.782187,871.875,3.297594290625,0.5078,1,11,26.15,1,0,0
1255,3.797656,1062.187,4.033820833672,0.5065,1,11,13.54,1,0,0
1256,3.772968,1146.25,4.32476457,0.5347,1,11,14.11,1,0,0
1257,3.765625,1264.062,4.759983468749999,0.6716,1,11,14.27,1,0,0
1258,3.790156,975.0,3.6954021,0.5074,1,11,14.21,1,0,0
1259,3.753437,1683.437,6.318674722968999,0.528,1,11,14.12,1,0,0
1260,3.782187,1196.25,4.52444119875,0.6235,1,11,14.99,1,0,0
1261,3.77375,1365.937,5.15470475375,0.5984,1,11,13.54,1,0,0
1262,3.803125,760.0,2.890375,0.4979,1,11,13.94,1,0,0
1263,3.807656,848.125,3.2293682450000003,0.4341,1,11,14.17,1,0,0
1264,3.809375,973.125,3.706998046875,0.4548,1,11,14.42,1,0,0
1265,3.822031,613.75,2.34577152625,0.4747,1,11,13.98,1,0,0
1266,3.767343,1195.0,4.501974885,0.4849,1,11,14.82,1,0,0
1267,3.8,1154.375,4.386625,0.482,1,11,15.14,1,0,0
1268,3.814687,612.812,2.337685969844,0.4553,1,11,14.39,1,0,0
1269,3.804843,880.937,3.351826977891,0.4573,1,11,14.35,1,0,0
1270,3.820937,766.562,2.9289851085939995,0.4105,1,11,14.37,1,0,0
1271,3.820781,734.687,2.807078130547,0.4537,1,11,14.52,1,0,0
1272,3.78875,1307.812,4.954972714999999,0.4593,1,11,14.42,1,0,0
1273,3.827343,724.375,2.772431585625,0.4779,1,11,15.1,1,0,0
1274,3.832031,559.062,2.142342914922,0.4679,1,11,13.8,1,0,0
1275,3.797812,1047.812,3.979392987344,0.4827,1,11,15.0,1,0,0
1276,3.810156,803.125,3.0600315375,0.4855,1,11,14.68,1,0,0
1277,3.818906,670.312,2.559858518672,0.4676,1,11,17.07,1,0,0
1278,3.808906,1037.5,3.951739975,0.5041,1,11,14.47,1,0,0
1279,3.822031,562.187,2.148696141797,0.4811,1,11,14.35,1,0,0
1280,3.82625,572.812,2.191721915,0.4809,1,11,14.6,1,0,0
1281,3.807187,823.75,3.13617029125,0.4576,1,11,15.59,1,0,0
1282,3.80375,890.312,3.38652427,0.4774,1,11,14.21,1,0,0
1283,3.820781,763.437,2.916925584297,0.4381,1,11,14.86,1,0,0
1284,3.819375,865.937,3.307338129375,0.4627,1,11,14.35,1,0,0
1285,3.823281,663.75,2.53770276375,0.4588,1,11,14.49,1,0,0
1286,3.808906,807.5,3.075691595,0.449,1,11,14.79,1,0,0
1287,3.811406,968.437,3.691106592422,0.4533,1,11,14.03,1,0,0
1288,3.823906,620.312,2.372014778672,0.4289,1,11,13.96,1,0,0
1289,3.782187,1127.187,4.263232017969,0.5179,1,11,14.83,1,0,0
1290,3.810468,779.687,2.970972363516,0.451,1,11,13.95,1,0,0
1291,3.817812,839.687,3.205767104844,0.449,1,11,13.99,1,0,0
1292,3.817812,934.062,3.566073112344,0.498,1,11,14.38,1,0,0
1293,3.807187,697.5,2.6555129325,0.552,1,11,13.17,0,0,0
1294,3.740468,1739.062,6.504905761016,0.5928,1,11,13.33,0,0,0
1295,3.855625,363.437,1.401276783125,0.279,1,11,14.07,0,0,0
1296,3.849375,493.437,1.899424051875,0.3296,1,11,16.74,0,0,0
1297,3.865312,252.187,0.974781437344,0.2289,1,11,14.62,0,0,0
1298,3.867812,202.812,0.784438687344,0.2102,1,11,13.42,0,0,0
1299,3.85875,302.187,1.1660640862500002,0.3266,0,0,14.27,0,0,0
1300,3.881875,174.062,0.67568692625,0.1058,0,0,18.65,0,1,0
1301,3.878437,286.562,1.111412663594,0.13,0,0,14.92,0,1,0
1302,3.875468,268.125,1.0391098575,0.1021,0,0,14.83,0,1,0
1303,3.879843,200.0,0.7759686000000001,0.1175,0,0,15.69,0,1,0
1304,3.882187,196.25,0.76187919875,0.1067,0,0,15.05,0,1,0
1305,3.882656,207.187,0.804435848672,0.0985,0,0,15.09,0,1,0
1306,3.8825,202.187,0.7849910274999999,0.1136,0,0,15.11,0,1,0
1307,3.86375,384.062,1.4839195525,0.2045,0,0,15.56,0,1,0
1308,3.868906,325.625,1.25981251625,0.242,0,0,14.41,0,1,0
1309,3.882031,181.562,0.704829312422,0.0997,0,0,15.19,0,1,0
1310,3.879375,258.437,1.002574036875,0.0947,0,0,14.45,0,1,0
1311,3.781093,1633.75,6.177360688749999,0.6647,1,11,19.24,0,1,0
1312,3.83625,725.312,2.78247816,0.4466,1,11,29.25,0,1,0
1313,3.797656,1380.937,5.244323683672,0.3668,1,11,16.02,0,1,0
1314,3.851718,428.75,1.6514240925,0.4187,0,0,17.11,0,1,0
1315,3.860468,393.75,1.520059275,0.4345,0,0,14.31,0,1,0
1316,3.881406,197.812,0.767788683672,0.1328,0,0,14.31,0,1,0
1317,3.876718,259.375,1.00552373125,0.1163,0,0,14.24,0,1,0
1318,3.876718,280.937,1.089113524766,0.133,0,0,14.49,0,1,0
1319,3.880468,249.062,0.966477121016,0.1168,0,0,13.91,0,1,0
1320,3.8775,208.125,0.8070046875,0.164,0,0,15.24,0,1,0
1321,3.881875,212.187,0.8236834106250001,0.1261,0,0,15.18,0,1,0
1322,3.88375,186.562,0.7245601675000001,0.1102,0,0,15.82,0,1,0
1323,3.882656,205.0,0.79594448,0.1497,0,0,14.47,0,1,0
1324,3.884375,171.562,0.6664111437500001,0.1083,0,0,13.91,0,1,0
1325,3.871406,419.375,1.62357089125,0.2427,0,0,13.92,0,1,0
1326,3.834062,942.5,3.613603435,0.4774,1,11,21.41,0,1,0
1327,3.8475,582.187,2.2399644825,0.4973,1,11,56.12,0,1,0
1328,3.85875,472.187,1.82205158625,0.3664,1,11,16.55,0,1,0
1329,3.858281,424.687,1.638561783047,0.3682,1,11,14.16,0,1,0
1330,3.857343,619.375,2.3891418206250004,0.3936,1,11,22.33,0,1,0
1331,3.82375,948.437,3.62658597875,0.5241,0,0,14.17,0,1,0
1332,3.874062,230.937,0.894664256094,0.2193,0,0,21.37,0,1,0
1333,3.871562,273.437,1.058628298594,0.2182,0,0,31.78,0,1,0
1334,3.876875,217.187,0.8420068506250001,0.1365,0,0,16.1,0,1,0
1335,3.880468,210.312,0.816108986016,0.1153,0,0,17.04,0,1,0
1336,3.88,208.125,0.807525,0.1238,0,0,15.33,0,1,0
1337,3.849375,555.0,2.136403125,0.4097,1,11,28.21,0,0,1
1338,3.847187,559.062,2.150816058594,0.4,1,11,27.87,0,0,1
1339,3.839687,660.312,2.535391402344,0.4251,1,11,24.79,0,0,1
1340,3.857187,382.187,1.474166727969,0.3907,1,11,24.61,0,0,1
1341,3.854218,509.062,1.962035923516,0.375,1,11,24.73,0,0,1
1342,3.847812,449.687,1.7303110348439998,0.3408,1,11,83.34,0,0,1
1343,3.861406,313.75,1.2115161325,0.3495,1,11,14.21,0,0,1
1344,3.860625,409.375,1.580443359375,0.3272,1,11,59.92,0,0,1
1345,3.862031,384.062,1.483259349922,0.3039,1,11,26.64,0,0,1
1346,3.853125,582.5,2.2444453125,0.5153,1,11,29.43,0,0,1
1347,3.861718,500.937,1.934477429766,0.2831,1,11,15.51,0,0,1
1348,3.874531,187.812,0.727683416172,0.2244,1,11,14.88,0,0,1
1349,3.859843,259.375,1.001146778125,0.2269,1,11,13.96,0,0,1
1350,3.871718,232.5,0.900174435,0.2359,1,11,14.39,0,0,1
1351,3.873593,216.25,0.83766448625,0.2445,1,11,14.7,0,0,1
1352,3.867968,313.125,1.21115748,0.2907,1,11,15.2,0,0,1
1353,3.876718,258.125,1.00067783375,0.2149,1,11,14.69,0,0,1
1354,3.88,333.125,1.292525,0.2157,1,11,13.53,0,0,1
1355,3.8775,275.625,1.0687359375,0.2774,1,11,14.92,0,0,1
1356,3.873593,205.0,0.794086565,0.2629,1,11,21.13,0,0,1
1357,3.877187,341.875,1.325513305625,0.2305,1,11,70.99,0,0,1
1358,3.877656,177.5,0.6882839399999999,0.2144,1,11,44.82,0,0,1
1359,3.880156,184.375,0.7154037625,0.2328,1,11,25.88,0,0,1
1360,3.875468,337.812,1.309179596016,0.2265,1,11,15.02,0,0,1
1361,3.8825,105.937,0.4113004025,0.2365,1,11,14.03,0,0,1
1362,3.866093,356.25,1.37729563125,0.2816,1,11,17.18,0,0,1
1363,3.859687,450.625,1.739271454375,0.3231,1,11,30.12,0,0,1
1364,3.874531,244.375,0.946838513125,0.2961,1,11,109.25,0,0,1
1365,3.862187,175.625,0.678296591875,0.2547,1,11,15.11,0,0,1
1366,3.8825,154.062,0.598145715,0.2046,1,11,15.48,0,0,1
1367,3.867968,461.562,1.785307046016,0.2266,1,11,15.18,0,0,1
1368,3.87625,227.5,0.881846875,0.2319,1,11,14.29,0,0,1
1369,3.873125,246.875,0.956177734375,0.3095,1,11,17.4,0,0,1
1370,3.875625,283.125,1.097286328125,0.2338,1,11,15.19,0,0,1
1371,3.87375,329.687,1.27712501625,0.2932,1,11,14.74,0,0,1
1372,3.869531,382.187,1.478884444297,0.28,1,11,15.71,0,0,1
1373,3.873281,233.437,0.904167096797,0.267,1,11,15.18,0,0,1
1374,3.870937,385.312,1.491518477344,0.2735,1,11,13.79,0,0,1
1375,3.860625,468.437,1.808459593125,0.4662,1,11,22.2,0,0,1
1376,3.85625,431.25,1.6630078125,0.5248,1,11,264.48,0,0,1
1377,3.862656,543.437,2.0991101886720003,0.3442,1,11,46.49,0,0,1
1378,3.842812,760.625,2.9229388775,0.3617,1,11,12.61,0,0,1
1379,3.810312,1191.562,4.540222987343999,0.4816,1,11,198.81,0,0,1
1380,3.842031,769.687,2.957161314297,0.4341,1,11,48.29,0,0,1
1381,3.849062,619.062,2.382808019844,0.3839,1,11,15.04,0,0,1
1382,3.844843,754.687,2.901653029141,0.3693,1,11,16.96,0,0,1
1383,3.854843,535.312,2.063543716016,0.4341,1,11,16.15,0,0,1
1384,3.859375,421.875,1.628173828125,0.3802,1,11,21.82,0,0,1
1385,3.847968,663.437,2.552884346016,0.4583,1,11,15.21,0,0,1
1386,3.864687,417.5,1.6135068225,0.3398,1,11,17.04,0,0,1
1387,3.857656,391.875,1.511718945,0.351,1,11,14.3,0,0,1
1388,3.850312,667.812,2.571284557344,0.3659,1,11,13.57,0,0,1
1389,3.849218,623.437,2.399744922266,0.3858,1,11,15.07,0,0,1
1390,3.847812,598.437,2.302673069844,0.4086,1,11,15.69,0,0,1
